source,target
G ALPHA (I) SIGNALLING EVENTS,GNAI3
G ALPHA (I) SIGNALLING EVENTS,GNAI1
G ALPHA (I) SIGNALLING EVENTS,GNAI2
G ALPHA (I) SIGNALLING EVENTS,GNAT3
G ALPHA (I) SIGNALLING EVENTS,SRC
G ALPHA (I) SIGNALLING EVENTS,GNB2
G ALPHA (I) SIGNALLING EVENTS,GNB4
G ALPHA (I) SIGNALLING EVENTS,GNB5
G ALPHA (I) SIGNALLING EVENTS,GNB3
G ALPHA (I) SIGNALLING EVENTS,GNB1
G ALPHA (I) SIGNALLING EVENTS,GNG8
G ALPHA (I) SIGNALLING EVENTS,GNGT2
G ALPHA (I) SIGNALLING EVENTS,GNGT1
G ALPHA (I) SIGNALLING EVENTS,GNG7
G ALPHA (I) SIGNALLING EVENTS,GNG13
G ALPHA (I) SIGNALLING EVENTS,GNG3
G ALPHA (I) SIGNALLING EVENTS,GNG10
G ALPHA (I) SIGNALLING EVENTS,GNG11
G ALPHA (I) SIGNALLING EVENTS,GNG4
G ALPHA (I) SIGNALLING EVENTS,GNG5
G ALPHA (I) SIGNALLING EVENTS,GNG12
G ALPHA (I) SIGNALLING EVENTS,GNG2
G ALPHA (I) SIGNALLING EVENTS,CCL4L1
G ALPHA (I) SIGNALLING EVENTS,CCL4
G ALPHA (I) SIGNALLING EVENTS,CCR1
G ALPHA (I) SIGNALLING EVENTS,CCR5
G ALPHA (I) SIGNALLING EVENTS,FPR2
G ALPHA (I) SIGNALLING EVENTS,APP
G ALPHA (I) SIGNALLING EVENTS,CCL23
G ALPHA (I) SIGNALLING EVENTS,SAA1
G ALPHA (I) SIGNALLING EVENTS,ANXA1
G ALPHA (I) SIGNALLING EVENTS,MT-RNR2
G ALPHA (I) SIGNALLING EVENTS,NMUR1
G ALPHA (I) SIGNALLING EVENTS,NMUR2
G ALPHA (I) SIGNALLING EVENTS,NMU
G ALPHA (I) SIGNALLING EVENTS,OXER1
G ALPHA (I) SIGNALLING EVENTS,P2RY4
G ALPHA (I) SIGNALLING EVENTS,GPR55
G ALPHA (I) SIGNALLING EVENTS,CNR1
G ALPHA (I) SIGNALLING EVENTS,CNR2
G ALPHA (I) SIGNALLING EVENTS,NMS
G ALPHA (I) SIGNALLING EVENTS,DRD3
G ALPHA (I) SIGNALLING EVENTS,DRD4
G ALPHA (I) SIGNALLING EVENTS,CCR7
G ALPHA (I) SIGNALLING EVENTS,CCL19
G ALPHA (I) SIGNALLING EVENTS,CCL21
G ALPHA (I) SIGNALLING EVENTS,P2RY14
G ALPHA (I) SIGNALLING EVENTS,PNOC
G ALPHA (I) SIGNALLING EVENTS,OPRL1
G ALPHA (I) SIGNALLING EVENTS,C5AR1
G ALPHA (I) SIGNALLING EVENTS,C5
G ALPHA (I) SIGNALLING EVENTS,CXCL12
G ALPHA (I) SIGNALLING EVENTS,ACKR3
G ALPHA (I) SIGNALLING EVENTS,CXCR4
G ALPHA (I) SIGNALLING EVENTS,P2RY13
G ALPHA (I) SIGNALLING EVENTS,GALR2
G ALPHA (I) SIGNALLING EVENTS,GALR1
G ALPHA (I) SIGNALLING EVENTS,GALR3
G ALPHA (I) SIGNALLING EVENTS,GAL
G ALPHA (I) SIGNALLING EVENTS,CCL5
G ALPHA (I) SIGNALLING EVENTS,CCR3
G ALPHA (I) SIGNALLING EVENTS,CCR4
G ALPHA (I) SIGNALLING EVENTS,HCAR1
G ALPHA (I) SIGNALLING EVENTS,BDKRB1
G ALPHA (I) SIGNALLING EVENTS,BDKRB2
G ALPHA (I) SIGNALLING EVENTS,KNG1
G ALPHA (I) SIGNALLING EVENTS,HTR1B
G ALPHA (I) SIGNALLING EVENTS,HTR1E
G ALPHA (I) SIGNALLING EVENTS,HTR1F
G ALPHA (I) SIGNALLING EVENTS,HTR1D
G ALPHA (I) SIGNALLING EVENTS,HTR5A
G ALPHA (I) SIGNALLING EVENTS,P2RY12
G ALPHA (I) SIGNALLING EVENTS,CXCR1
G ALPHA (I) SIGNALLING EVENTS,CXCL8
G ALPHA (I) SIGNALLING EVENTS,CXCL6
G ALPHA (I) SIGNALLING EVENTS,RLN3
G ALPHA (I) SIGNALLING EVENTS,RXFP3
G ALPHA (I) SIGNALLING EVENTS,ADRA2C
G ALPHA (I) SIGNALLING EVENTS,ADRA2B
G ALPHA (I) SIGNALLING EVENTS,ADRA2A
G ALPHA (I) SIGNALLING EVENTS,APLNR
G ALPHA (I) SIGNALLING EVENTS,APLN
G ALPHA (I) SIGNALLING EVENTS,GPR37L1
G ALPHA (I) SIGNALLING EVENTS,PSAP
G ALPHA (I) SIGNALLING EVENTS,GPR37
G ALPHA (I) SIGNALLING EVENTS,OXGR1
G ALPHA (I) SIGNALLING EVENTS,MTNR1A
G ALPHA (I) SIGNALLING EVENTS,MTNR1B
G ALPHA (I) SIGNALLING EVENTS,CXCR6
G ALPHA (I) SIGNALLING EVENTS,CXCL16
G ALPHA (I) SIGNALLING EVENTS,GPR18
G ALPHA (I) SIGNALLING EVENTS,LPAR3
G ALPHA (I) SIGNALLING EVENTS,LPAR2
G ALPHA (I) SIGNALLING EVENTS,LPAR5
G ALPHA (I) SIGNALLING EVENTS,LPAR1
G ALPHA (I) SIGNALLING EVENTS,TAS2R14
G ALPHA (I) SIGNALLING EVENTS,TAS2R50
G ALPHA (I) SIGNALLING EVENTS,TAS2R43
G ALPHA (I) SIGNALLING EVENTS,TAS2R60
G ALPHA (I) SIGNALLING EVENTS,TAS2R41
G ALPHA (I) SIGNALLING EVENTS,TAS2R10
G ALPHA (I) SIGNALLING EVENTS,TAS2R8
G ALPHA (I) SIGNALLING EVENTS,TAS2R3
G ALPHA (I) SIGNALLING EVENTS,TAS2R30
G ALPHA (I) SIGNALLING EVENTS,TAS2R31
G ALPHA (I) SIGNALLING EVENTS,TAS2R20
G ALPHA (I) SIGNALLING EVENTS,TAS2R19
G ALPHA (I) SIGNALLING EVENTS,TAS2R13
G ALPHA (I) SIGNALLING EVENTS,TAS2R45
G ALPHA (I) SIGNALLING EVENTS,TAS2R38
G ALPHA (I) SIGNALLING EVENTS,TAS2R9
G ALPHA (I) SIGNALLING EVENTS,TAS2R42
G ALPHA (I) SIGNALLING EVENTS,TAS2R46
G ALPHA (I) SIGNALLING EVENTS,TAS2R1
G ALPHA (I) SIGNALLING EVENTS,TAS2R40
G ALPHA (I) SIGNALLING EVENTS,TAS2R39
G ALPHA (I) SIGNALLING EVENTS,TAS2R5
G ALPHA (I) SIGNALLING EVENTS,TAS2R16
G ALPHA (I) SIGNALLING EVENTS,TAS2R7
G ALPHA (I) SIGNALLING EVENTS,TAS2R4
G ALPHA (I) SIGNALLING EVENTS,OPRM1
G ALPHA (I) SIGNALLING EVENTS,OPRK1
G ALPHA (I) SIGNALLING EVENTS,OPRD1
G ALPHA (I) SIGNALLING EVENTS,PDYN
G ALPHA (I) SIGNALLING EVENTS,PENK
G ALPHA (I) SIGNALLING EVENTS,POMC
G ALPHA (I) SIGNALLING EVENTS,HCAR3
G ALPHA (I) SIGNALLING EVENTS,CHRM4
G ALPHA (I) SIGNALLING EVENTS,CHRM2
G ALPHA (I) SIGNALLING EVENTS,CCL13
G ALPHA (I) SIGNALLING EVENTS,CCR2
G ALPHA (I) SIGNALLING EVENTS,C3AR1
G ALPHA (I) SIGNALLING EVENTS,C3
G ALPHA (I) SIGNALLING EVENTS,S1PR3
G ALPHA (I) SIGNALLING EVENTS,S1PR4
G ALPHA (I) SIGNALLING EVENTS,S1PR5
G ALPHA (I) SIGNALLING EVENTS,S1PR2
G ALPHA (I) SIGNALLING EVENTS,SUCNR1
G ALPHA (I) SIGNALLING EVENTS,CCR8
G ALPHA (I) SIGNALLING EVENTS,CCL16
G ALPHA (I) SIGNALLING EVENTS,HEBP1
G ALPHA (I) SIGNALLING EVENTS,FPR3
G ALPHA (I) SIGNALLING EVENTS,GPR31
G ALPHA (I) SIGNALLING EVENTS,CCL1
G ALPHA (I) SIGNALLING EVENTS,HCAR2
G ALPHA (I) SIGNALLING EVENTS,CXCR2
G ALPHA (I) SIGNALLING EVENTS,CXCL5
G ALPHA (I) SIGNALLING EVENTS,CXCL2
G ALPHA (I) SIGNALLING EVENTS,CXCL1
G ALPHA (I) SIGNALLING EVENTS,CXCL3
G ALPHA (I) SIGNALLING EVENTS,PPBP
G ALPHA (I) SIGNALLING EVENTS,PF4
G ALPHA (I) SIGNALLING EVENTS,GRM8
G ALPHA (I) SIGNALLING EVENTS,GRM2
G ALPHA (I) SIGNALLING EVENTS,GRM4
G ALPHA (I) SIGNALLING EVENTS,GRM6
G ALPHA (I) SIGNALLING EVENTS,GRM3
G ALPHA (I) SIGNALLING EVENTS,GRM7
G ALPHA (I) SIGNALLING EVENTS,PPY
G ALPHA (I) SIGNALLING EVENTS,PYY
G ALPHA (I) SIGNALLING EVENTS,NPY
G ALPHA (I) SIGNALLING EVENTS,NPY4R
G ALPHA (I) SIGNALLING EVENTS,NPY5R
G ALPHA (I) SIGNALLING EVENTS,NPY1R
G ALPHA (I) SIGNALLING EVENTS,NPY2R
G ALPHA (I) SIGNALLING EVENTS,GPER1
G ALPHA (I) SIGNALLING EVENTS,CASR
G ALPHA (I) SIGNALLING EVENTS,CXCL13
G ALPHA (I) SIGNALLING EVENTS,CXCR5
G ALPHA (I) SIGNALLING EVENTS,GPR183
G ALPHA (I) SIGNALLING EVENTS,CCR9
G ALPHA (I) SIGNALLING EVENTS,CCL25
G ALPHA (I) SIGNALLING EVENTS,ADORA3
G ALPHA (I) SIGNALLING EVENTS,ADORA1
G ALPHA (I) SIGNALLING EVENTS,PMCH
G ALPHA (I) SIGNALLING EVENTS,MCHR2
G ALPHA (I) SIGNALLING EVENTS,MCHR1
G ALPHA (I) SIGNALLING EVENTS,HRH4
G ALPHA (I) SIGNALLING EVENTS,FPR1
G ALPHA (I) SIGNALLING EVENTS,GABBR1
G ALPHA (I) SIGNALLING EVENTS,GABBR2
G ALPHA (I) SIGNALLING EVENTS,TAS1R3
G ALPHA (I) SIGNALLING EVENTS,TAS1R1
G ALPHA (I) SIGNALLING EVENTS,PTGDR2
G ALPHA (I) SIGNALLING EVENTS,RXFP4
G ALPHA (I) SIGNALLING EVENTS,INSL5
G ALPHA (I) SIGNALLING EVENTS,CX3CL1
G ALPHA (I) SIGNALLING EVENTS,CX3CR1
G ALPHA (I) SIGNALLING EVENTS,CORT
G ALPHA (I) SIGNALLING EVENTS,SST
G ALPHA (I) SIGNALLING EVENTS,SSTR1
G ALPHA (I) SIGNALLING EVENTS,SSTR2
G ALPHA (I) SIGNALLING EVENTS,SSTR5
G ALPHA (I) SIGNALLING EVENTS,SSTR3
G ALPHA (I) SIGNALLING EVENTS,SSTR4
G ALPHA (I) SIGNALLING EVENTS,TAS1R2
G ALPHA (I) SIGNALLING EVENTS,CCR10
G ALPHA (I) SIGNALLING EVENTS,CCL28
G ALPHA (I) SIGNALLING EVENTS,CCL27
G ALPHA (I) SIGNALLING EVENTS,PTGER3
G ALPHA (I) SIGNALLING EVENTS,AGTR2
G ALPHA (I) SIGNALLING EVENTS,AGT
G ALPHA (I) SIGNALLING EVENTS,CCR6
G ALPHA (I) SIGNALLING EVENTS,CCL20
G ALPHA (I) SIGNALLING EVENTS,CXCR3
G ALPHA (I) SIGNALLING EVENTS,CXCL9
G ALPHA (I) SIGNALLING EVENTS,CXCL10
G ALPHA (I) SIGNALLING EVENTS,CXCL11
G ALPHA (I) SIGNALLING EVENTS,GPR17
G ALPHA (I) SIGNALLING EVENTS,NPW
G ALPHA (I) SIGNALLING EVENTS,NPB
G ALPHA (I) SIGNALLING EVENTS,NPBWR2
G ALPHA (I) SIGNALLING EVENTS,NPBWR1
G ALPHA (I) SIGNALLING EVENTS,OPN5
G ALPHA (I) SIGNALLING EVENTS,OPN3
G ALPHA (I) SIGNALLING EVENTS,RGR
G ALPHA (I) SIGNALLING EVENTS,RRH
G ALPHA (I) SIGNALLING EVENTS,OPN1SW
G ALPHA (I) SIGNALLING EVENTS,RHO
G ALPHA (I) SIGNALLING EVENTS,OPN1MW
G ALPHA (I) SIGNALLING EVENTS,OPN1LW
G ALPHA (I) SIGNALLING EVENTS,GNAT1
G ALPHA (I) SIGNALLING EVENTS,GNAT2
G ALPHA (I) SIGNALLING EVENTS,RGS4
G ALPHA (I) SIGNALLING EVENTS,RGS11
G ALPHA (I) SIGNALLING EVENTS,RGS6
G ALPHA (I) SIGNALLING EVENTS,RGS3
G ALPHA (I) SIGNALLING EVENTS,RGS12
G ALPHA (I) SIGNALLING EVENTS,RGS19
G ALPHA (I) SIGNALLING EVENTS,RGS5
G ALPHA (I) SIGNALLING EVENTS,RGS10
G ALPHA (I) SIGNALLING EVENTS,RGS14
G ALPHA (I) SIGNALLING EVENTS,RGS7
G ALPHA (I) SIGNALLING EVENTS,RGS16
G ALPHA (I) SIGNALLING EVENTS,RGS17
G ALPHA (I) SIGNALLING EVENTS,RGS21
G ALPHA (I) SIGNALLING EVENTS,RGS1
G ALPHA (I) SIGNALLING EVENTS,RGS8
G ALPHA (I) SIGNALLING EVENTS,RGS9
G ALPHA (I) SIGNALLING EVENTS,RGS13
G ALPHA (I) SIGNALLING EVENTS,RGS18
G ALPHA (I) SIGNALLING EVENTS,RGS20
G ALPHA (I) SIGNALLING EVENTS,RGS22
G ALPHA (I) SIGNALLING EVENTS,RGSL1
G ALPHA (I) SIGNALLING EVENTS,ADCY7
G ALPHA (I) SIGNALLING EVENTS,ADCY6
G ALPHA (I) SIGNALLING EVENTS,ADCY2
G ALPHA (I) SIGNALLING EVENTS,ADCY9
G ALPHA (I) SIGNALLING EVENTS,ADCY4
G ALPHA (I) SIGNALLING EVENTS,ADCY8
G ALPHA (I) SIGNALLING EVENTS,ADCY3
G ALPHA (I) SIGNALLING EVENTS,ADCY5
G ALPHA (I) SIGNALLING EVENTS,ADCY1
G ALPHA (I) SIGNALLING EVENTS,GNAL
G ALPHA (I) SIGNALLING EVENTS,ITPR1
G ALPHA (I) SIGNALLING EVENTS,ITPR3
G ALPHA (I) SIGNALLING EVENTS,ITPR2
G ALPHA (I) SIGNALLING EVENTS,AHCYL1
G ALPHA (I) SIGNALLING EVENTS,GNA11
G ALPHA (I) SIGNALLING EVENTS,GNA15
G ALPHA (I) SIGNALLING EVENTS,GNAQ
G ALPHA (I) SIGNALLING EVENTS,GNA14
G ALPHA (I) SIGNALLING EVENTS,PLCB4
G ALPHA (I) SIGNALLING EVENTS,PLCB3
G ALPHA (I) SIGNALLING EVENTS,PLCB1
G ALPHA (I) SIGNALLING EVENTS,PLCB2
G ALPHA (I) SIGNALLING EVENTS,PLA2G4A
G ALPHA (I) SIGNALLING EVENTS,MAPK1
G ALPHA (I) SIGNALLING EVENTS,CALM1
G ALPHA (I) SIGNALLING EVENTS,PRKCA
G ALPHA (I) SIGNALLING EVENTS,PRKCD
G ALPHA (I) SIGNALLING EVENTS,PRKCG
G ALPHA (I) SIGNALLING EVENTS,GRK2
G ALPHA (I) SIGNALLING EVENTS,PDE1A
G ALPHA (I) SIGNALLING EVENTS,PDE1C
G ALPHA (I) SIGNALLING EVENTS,PDE1B
G ALPHA (I) SIGNALLING EVENTS,PRKACA
G ALPHA (I) SIGNALLING EVENTS,PRKACB
G ALPHA (I) SIGNALLING EVENTS,PRKACG
G ALPHA (I) SIGNALLING EVENTS,PRKAR2A
G ALPHA (I) SIGNALLING EVENTS,PRKAR2B
G ALPHA (I) SIGNALLING EVENTS,PRKAR1A
G ALPHA (I) SIGNALLING EVENTS,PRKAR1B
G ALPHA (I) SIGNALLING EVENTS,NBEA
G ALPHA (I) SIGNALLING EVENTS,CREB1
G ALPHA (I) SIGNALLING EVENTS,PRKX
G ALPHA (I) SIGNALLING EVENTS,CAMK2G
G ALPHA (I) SIGNALLING EVENTS,CAMK2D
G ALPHA (I) SIGNALLING EVENTS,CAMK2B
G ALPHA (I) SIGNALLING EVENTS,CAMK2A
G ALPHA (I) SIGNALLING EVENTS,KPNA2
G ALPHA (I) SIGNALLING EVENTS,CAMK4
G ALPHA (I) SIGNALLING EVENTS,CAMKK2
G ALPHA (I) SIGNALLING EVENTS,CAMKK1
G ALPHA (I) SIGNALLING EVENTS,PPP1R1B
G ALPHA (I) SIGNALLING EVENTS,PPP1CA
G ALPHA (I) SIGNALLING EVENTS,PPP3CB
G ALPHA (I) SIGNALLING EVENTS,PPP3CA
G ALPHA (I) SIGNALLING EVENTS,PPP3CC
G ALPHA (I) SIGNALLING EVENTS,PDE4B
G ALPHA (I) SIGNALLING EVENTS,PPP3R1
G ALPHA (I) SIGNALLING EVENTS,PDE4C
G ALPHA (I) SIGNALLING EVENTS,PDE4D
G ALPHA (I) SIGNALLING EVENTS,PDE4A
G ALPHA (I) SIGNALLING EVENTS,CDK5
G ALPHA (I) SIGNALLING EVENTS,PPP2R1A
G ALPHA (I) SIGNALLING EVENTS,PPP2R1B
G ALPHA (I) SIGNALLING EVENTS,PPP2CA
G ALPHA (I) SIGNALLING EVENTS,PPP2CB
G ALPHA (I) SIGNALLING EVENTS,PPP2R5D
G ALPHA (I) SIGNALLING EVENTS,PCP2
G ALPHA (I) SIGNALLING EVENTS,GPSM2
G ALPHA (I) SIGNALLING EVENTS,GPSM3
G ALPHA (I) SIGNALLING EVENTS,GPSM1
G ALPHA (I) SIGNALLING EVENTS,GNAS
G ALPHA (I) SIGNALLING EVENTS,GNAZ
INTERFERON GAMMA SIGNALING,CAMK2B
INTERFERON GAMMA SIGNALING,CAMK2A
INTERFERON GAMMA SIGNALING,CAMK2D
INTERFERON GAMMA SIGNALING,CAMK2G
INTERFERON GAMMA SIGNALING,PRKCD
INTERFERON GAMMA SIGNALING,STAT1
INTERFERON GAMMA SIGNALING,IFNG
INTERFERON GAMMA SIGNALING,JAK1
INTERFERON GAMMA SIGNALING,IFNGR1
INTERFERON GAMMA SIGNALING,JAK2
INTERFERON GAMMA SIGNALING,IFNGR2
INTERFERON GAMMA SIGNALING,PTPN6
INTERFERON GAMMA SIGNALING,SOCS1
INTERFERON GAMMA SIGNALING,SOCS3
INTERFERON GAMMA SIGNALING,YBX1
INTERFERON GAMMA SIGNALING,PTPN11
INTERFERON GAMMA SIGNALING,PTPN1
INTERFERON GAMMA SIGNALING,PTPN2
INTERFERON GAMMA SIGNALING,SUMO1
INTERFERON GAMMA SIGNALING,PIAS1
INTERFERON GAMMA SIGNALING,GBP6
INTERFERON GAMMA SIGNALING,GBP5
INTERFERON GAMMA SIGNALING,GBP4
INTERFERON GAMMA SIGNALING,GBP7
INTERFERON GAMMA SIGNALING,GBP3
INTERFERON GAMMA SIGNALING,GBP2
INTERFERON GAMMA SIGNALING,GBP1
INTERFERON GAMMA SIGNALING,IRF4
INTERFERON GAMMA SIGNALING,IRF9
INTERFERON GAMMA SIGNALING,IRF5
INTERFERON GAMMA SIGNALING,IRF1
INTERFERON GAMMA SIGNALING,IRF3
INTERFERON GAMMA SIGNALING,IRF6
INTERFERON GAMMA SIGNALING,IRF8
INTERFERON GAMMA SIGNALING,IRF2
INTERFERON GAMMA SIGNALING,IRF7
INTERFERON GAMMA SIGNALING,FCGR1A
INTERFERON GAMMA SIGNALING,FCGR1BP
INTERFERON GAMMA SIGNALING,HLA-A
INTERFERON GAMMA SIGNALING,HLA-H
INTERFERON GAMMA SIGNALING,HLA-G
INTERFERON GAMMA SIGNALING,HLA-F
INTERFERON GAMMA SIGNALING,HLA-C
INTERFERON GAMMA SIGNALING,HLA-E
INTERFERON GAMMA SIGNALING,HLA-B
INTERFERON GAMMA SIGNALING,HLA-DPA1
INTERFERON GAMMA SIGNALING,HLA-DQA1
INTERFERON GAMMA SIGNALING,HLA-DRA
INTERFERON GAMMA SIGNALING,HLA-DQA2
INTERFERON GAMMA SIGNALING,HLA-DQB2
INTERFERON GAMMA SIGNALING,HLA-DPB1
INTERFERON GAMMA SIGNALING,HLA-DQB1
INTERFERON GAMMA SIGNALING,HLA-DRB5
INTERFERON GAMMA SIGNALING,HLA-DRB3
INTERFERON GAMMA SIGNALING,HLA-DRB4
INTERFERON GAMMA SIGNALING,HLA-DRB1
INTERFERON GAMMA SIGNALING,ICAM1
INTERFERON GAMMA SIGNALING,CD44
INTERFERON GAMMA SIGNALING,VCAM1
INTERFERON GAMMA SIGNALING,NCAM1
INTERFERON GAMMA SIGNALING,TRIM10
INTERFERON GAMMA SIGNALING,TRIM29
INTERFERON GAMMA SIGNALING,TRIM46
INTERFERON GAMMA SIGNALING,TRIM35
INTERFERON GAMMA SIGNALING,TRIM48
INTERFERON GAMMA SIGNALING,TRIM2
INTERFERON GAMMA SIGNALING,TRIM14
INTERFERON GAMMA SIGNALING,TRIM45
INTERFERON GAMMA SIGNALING,TRIM17
INTERFERON GAMMA SIGNALING,TRIM3
INTERFERON GAMMA SIGNALING,TRIM6
INTERFERON GAMMA SIGNALING,TRIM62
INTERFERON GAMMA SIGNALING,TRIM5
INTERFERON GAMMA SIGNALING,TRIM25
INTERFERON GAMMA SIGNALING,TRIM68
INTERFERON GAMMA SIGNALING,TRIM31
INTERFERON GAMMA SIGNALING,TRIM38
INTERFERON GAMMA SIGNALING,TRIM26
INTERFERON GAMMA SIGNALING,PML
INTERFERON GAMMA SIGNALING,MID1
INTERFERON GAMMA SIGNALING,TRIM22
INTERFERON GAMMA SIGNALING,TRIM34
INTERFERON GAMMA SIGNALING,TRIM8
INTERFERON GAMMA SIGNALING,TRIM21
INTERFERON GAMMA SIGNALING,MT2A
INTERFERON GAMMA SIGNALING,SP100
INTERFERON GAMMA SIGNALING,PTAFR
INTERFERON GAMMA SIGNALING,IFI30
INTERFERON GAMMA SIGNALING,B2M
INTERFERON GAMMA SIGNALING,CIITA
INTERFERON GAMMA SIGNALING,OAS1
INTERFERON GAMMA SIGNALING,OASL
INTERFERON GAMMA SIGNALING,OAS2
INTERFERON GAMMA SIGNALING,OAS3
INTERFERON GAMMA SIGNALING,MAPK3
INTERFERON GAMMA SIGNALING,MAPK1
INTERFERON GAMMA SIGNALING,SMAD7
INTERFERON GAMMA SIGNALING,RAF1
G ALPHA (Q) SIGNALLING EVENTS,CCKBR
G ALPHA (Q) SIGNALLING EVENTS,GAST
G ALPHA (Q) SIGNALLING EVENTS,PRKCA
G ALPHA (Q) SIGNALLING EVENTS,MMP3
G ALPHA (Q) SIGNALLING EVENTS,HBEGF
G ALPHA (Q) SIGNALLING EVENTS,EGFR
G ALPHA (Q) SIGNALLING EVENTS,SOS1
G ALPHA (Q) SIGNALLING EVENTS,GRB2
G ALPHA (Q) SIGNALLING EVENTS,KRAS
G ALPHA (Q) SIGNALLING EVENTS,NRAS
G ALPHA (Q) SIGNALLING EVENTS,HRAS
G ALPHA (Q) SIGNALLING EVENTS,RPS6KA3
G ALPHA (Q) SIGNALLING EVENTS,RPS6KA1
G ALPHA (Q) SIGNALLING EVENTS,RPS6KA2
G ALPHA (Q) SIGNALLING EVENTS,CREB1
G ALPHA (Q) SIGNALLING EVENTS,MAPK1
G ALPHA (Q) SIGNALLING EVENTS,MAPK7
G ALPHA (Q) SIGNALLING EVENTS,MAPK3
G ALPHA (Q) SIGNALLING EVENTS,GNA11
G ALPHA (Q) SIGNALLING EVENTS,GNA15
G ALPHA (Q) SIGNALLING EVENTS,GNAQ
G ALPHA (Q) SIGNALLING EVENTS,GNA14
G ALPHA (Q) SIGNALLING EVENTS,BTK
G ALPHA (Q) SIGNALLING EVENTS,GNB2
G ALPHA (Q) SIGNALLING EVENTS,GNB4
G ALPHA (Q) SIGNALLING EVENTS,GNB5
G ALPHA (Q) SIGNALLING EVENTS,GNB3
G ALPHA (Q) SIGNALLING EVENTS,GNB1
G ALPHA (Q) SIGNALLING EVENTS,GNG8
G ALPHA (Q) SIGNALLING EVENTS,GNGT2
G ALPHA (Q) SIGNALLING EVENTS,GNGT1
G ALPHA (Q) SIGNALLING EVENTS,GNG7
G ALPHA (Q) SIGNALLING EVENTS,GNG13
G ALPHA (Q) SIGNALLING EVENTS,GNG3
G ALPHA (Q) SIGNALLING EVENTS,GNG10
G ALPHA (Q) SIGNALLING EVENTS,GNG11
G ALPHA (Q) SIGNALLING EVENTS,GNG4
G ALPHA (Q) SIGNALLING EVENTS,GNG5
G ALPHA (Q) SIGNALLING EVENTS,GNG12
G ALPHA (Q) SIGNALLING EVENTS,GNG2
G ALPHA (Q) SIGNALLING EVENTS,GRK5
G ALPHA (Q) SIGNALLING EVENTS,RGSL1
G ALPHA (Q) SIGNALLING EVENTS,RGS21
G ALPHA (Q) SIGNALLING EVENTS,RGS2
G ALPHA (Q) SIGNALLING EVENTS,RGS3
G ALPHA (Q) SIGNALLING EVENTS,RGS19
G ALPHA (Q) SIGNALLING EVENTS,RGS18
G ALPHA (Q) SIGNALLING EVENTS,PRKCH
G ALPHA (Q) SIGNALLING EVENTS,PRKCD
G ALPHA (Q) SIGNALLING EVENTS,PRKCQ
G ALPHA (Q) SIGNALLING EVENTS,PRKCE
G ALPHA (Q) SIGNALLING EVENTS,DAGLA
G ALPHA (Q) SIGNALLING EVENTS,DAGLB
G ALPHA (Q) SIGNALLING EVENTS,ABHD6
G ALPHA (Q) SIGNALLING EVENTS,ABHD12
G ALPHA (Q) SIGNALLING EVENTS,MGLL
G ALPHA (Q) SIGNALLING EVENTS,DGKD
G ALPHA (Q) SIGNALLING EVENTS,DGKK
G ALPHA (Q) SIGNALLING EVENTS,DGKI
G ALPHA (Q) SIGNALLING EVENTS,DGKG
G ALPHA (Q) SIGNALLING EVENTS,DGKQ
G ALPHA (Q) SIGNALLING EVENTS,DGKH
G ALPHA (Q) SIGNALLING EVENTS,DGKZ
G ALPHA (Q) SIGNALLING EVENTS,DGKE
G ALPHA (Q) SIGNALLING EVENTS,DGKB
G ALPHA (Q) SIGNALLING EVENTS,DGKA
G ALPHA (Q) SIGNALLING EVENTS,ITPR1
G ALPHA (Q) SIGNALLING EVENTS,ITPR3
G ALPHA (Q) SIGNALLING EVENTS,ITPR2
G ALPHA (Q) SIGNALLING EVENTS,TRPC3
G ALPHA (Q) SIGNALLING EVENTS,TRPC7
G ALPHA (Q) SIGNALLING EVENTS,TRPC6
G ALPHA (Q) SIGNALLING EVENTS,RASGRP2
G ALPHA (Q) SIGNALLING EVENTS,RASGRP1
G ALPHA (Q) SIGNALLING EVENTS,CYSLTR1
G ALPHA (Q) SIGNALLING EVENTS,CYSLTR2
G ALPHA (Q) SIGNALLING EVENTS,F2
G ALPHA (Q) SIGNALLING EVENTS,F2RL2
G ALPHA (Q) SIGNALLING EVENTS,F2RL3
G ALPHA (Q) SIGNALLING EVENTS,F2R
G ALPHA (Q) SIGNALLING EVENTS,F2RL1
G ALPHA (Q) SIGNALLING EVENTS,LPAR6
G ALPHA (Q) SIGNALLING EVENTS,PMCH
G ALPHA (Q) SIGNALLING EVENTS,MCHR2
G ALPHA (Q) SIGNALLING EVENTS,MCHR1
G ALPHA (Q) SIGNALLING EVENTS,NPFF
G ALPHA (Q) SIGNALLING EVENTS,NPFFR1
G ALPHA (Q) SIGNALLING EVENTS,NPFFR2
G ALPHA (Q) SIGNALLING EVENTS,GNRH1
G ALPHA (Q) SIGNALLING EVENTS,GNRH2
G ALPHA (Q) SIGNALLING EVENTS,GNRHR
G ALPHA (Q) SIGNALLING EVENTS,TACR1
G ALPHA (Q) SIGNALLING EVENTS,TAC1
G ALPHA (Q) SIGNALLING EVENTS,FPR2
G ALPHA (Q) SIGNALLING EVENTS,APP
G ALPHA (Q) SIGNALLING EVENTS,CCL23
G ALPHA (Q) SIGNALLING EVENTS,SAA1
G ALPHA (Q) SIGNALLING EVENTS,ANXA1
G ALPHA (Q) SIGNALLING EVENTS,MT-RNR2
G ALPHA (Q) SIGNALLING EVENTS,NMUR1
G ALPHA (Q) SIGNALLING EVENTS,NMUR2
G ALPHA (Q) SIGNALLING EVENTS,NMU
G ALPHA (Q) SIGNALLING EVENTS,HCRT
G ALPHA (Q) SIGNALLING EVENTS,HCRTR2
G ALPHA (Q) SIGNALLING EVENTS,P2RY2
G ALPHA (Q) SIGNALLING EVENTS,P2RY6
G ALPHA (Q) SIGNALLING EVENTS,NMS
G ALPHA (Q) SIGNALLING EVENTS,EDN1
G ALPHA (Q) SIGNALLING EVENTS,EDN3
G ALPHA (Q) SIGNALLING EVENTS,EDN2
G ALPHA (Q) SIGNALLING EVENTS,EDNRA
G ALPHA (Q) SIGNALLING EVENTS,EDNRB
G ALPHA (Q) SIGNALLING EVENTS,GPR4
G ALPHA (Q) SIGNALLING EVENTS,GPR65
G ALPHA (Q) SIGNALLING EVENTS,GPR68
G ALPHA (Q) SIGNALLING EVENTS,GPR132
G ALPHA (Q) SIGNALLING EVENTS,HCRTR1
G ALPHA (Q) SIGNALLING EVENTS,NTSR1
G ALPHA (Q) SIGNALLING EVENTS,NTSR2
G ALPHA (Q) SIGNALLING EVENTS,NTS
G ALPHA (Q) SIGNALLING EVENTS,PROKR1
G ALPHA (Q) SIGNALLING EVENTS,PROKR2
G ALPHA (Q) SIGNALLING EVENTS,PROK2
G ALPHA (Q) SIGNALLING EVENTS,PROK1
G ALPHA (Q) SIGNALLING EVENTS,NMB
G ALPHA (Q) SIGNALLING EVENTS,GRP
G ALPHA (Q) SIGNALLING EVENTS,BRS3
G ALPHA (Q) SIGNALLING EVENTS,GRPR
G ALPHA (Q) SIGNALLING EVENTS,NMBR
G ALPHA (Q) SIGNALLING EVENTS,UTS2R
G ALPHA (Q) SIGNALLING EVENTS,UTS2
G ALPHA (Q) SIGNALLING EVENTS,UTS2B
G ALPHA (Q) SIGNALLING EVENTS,TRH
G ALPHA (Q) SIGNALLING EVENTS,TRHR
G ALPHA (Q) SIGNALLING EVENTS,LTB4R2
G ALPHA (Q) SIGNALLING EVENTS,LTB4R
G ALPHA (Q) SIGNALLING EVENTS,BDKRB1
G ALPHA (Q) SIGNALLING EVENTS,BDKRB2
G ALPHA (Q) SIGNALLING EVENTS,KNG1
G ALPHA (Q) SIGNALLING EVENTS,GHSR
G ALPHA (Q) SIGNALLING EVENTS,GHRL
G ALPHA (Q) SIGNALLING EVENTS,CCKAR
G ALPHA (Q) SIGNALLING EVENTS,CCK
G ALPHA (Q) SIGNALLING EVENTS,NPS
G ALPHA (Q) SIGNALLING EVENTS,NPSR1
G ALPHA (Q) SIGNALLING EVENTS,P2RY11
G ALPHA (Q) SIGNALLING EVENTS,GCG
G ALPHA (Q) SIGNALLING EVENTS,GCGR
G ALPHA (Q) SIGNALLING EVENTS,MLNR
G ALPHA (Q) SIGNALLING EVENTS,MLN
G ALPHA (Q) SIGNALLING EVENTS,FFAR1
G ALPHA (Q) SIGNALLING EVENTS,PTAFR
G ALPHA (Q) SIGNALLING EVENTS,HTR2C
G ALPHA (Q) SIGNALLING EVENTS,HTR2B
G ALPHA (Q) SIGNALLING EVENTS,HTR2A
G ALPHA (Q) SIGNALLING EVENTS,LPAR3
G ALPHA (Q) SIGNALLING EVENTS,LPAR2
G ALPHA (Q) SIGNALLING EVENTS,LPAR5
G ALPHA (Q) SIGNALLING EVENTS,LPAR1
G ALPHA (Q) SIGNALLING EVENTS,KISS1
G ALPHA (Q) SIGNALLING EVENTS,KISS1R
G ALPHA (Q) SIGNALLING EVENTS,QRFP
G ALPHA (Q) SIGNALLING EVENTS,QRFPR
G ALPHA (Q) SIGNALLING EVENTS,GPR39
G ALPHA (Q) SIGNALLING EVENTS,FFAR4
G ALPHA (Q) SIGNALLING EVENTS,FFAR3
G ALPHA (Q) SIGNALLING EVENTS,AVPR1A
G ALPHA (Q) SIGNALLING EVENTS,AVPR1B
G ALPHA (Q) SIGNALLING EVENTS,AVP
G ALPHA (Q) SIGNALLING EVENTS,CHRM1
G ALPHA (Q) SIGNALLING EVENTS,CHRM5
G ALPHA (Q) SIGNALLING EVENTS,CHRM3
G ALPHA (Q) SIGNALLING EVENTS,GNRHR2
G ALPHA (Q) SIGNALLING EVENTS,OXTR
G ALPHA (Q) SIGNALLING EVENTS,OXT
G ALPHA (Q) SIGNALLING EVENTS,TAC3
G ALPHA (Q) SIGNALLING EVENTS,TACR3
G ALPHA (Q) SIGNALLING EVENTS,FFAR2
G ALPHA (Q) SIGNALLING EVENTS,GPR17
G ALPHA (Q) SIGNALLING EVENTS,GRM1
G ALPHA (Q) SIGNALLING EVENTS,GRM5
G ALPHA (Q) SIGNALLING EVENTS,P2RY1
G ALPHA (Q) SIGNALLING EVENTS,OPN4
G ALPHA (Q) SIGNALLING EVENTS,CASR
G ALPHA (Q) SIGNALLING EVENTS,HRH1
G ALPHA (Q) SIGNALLING EVENTS,LPAR4
G ALPHA (Q) SIGNALLING EVENTS,GPR143
G ALPHA (Q) SIGNALLING EVENTS,P2RY10
G ALPHA (Q) SIGNALLING EVENTS,XCR1
G ALPHA (Q) SIGNALLING EVENTS,XCL2
G ALPHA (Q) SIGNALLING EVENTS,XCL1
G ALPHA (Q) SIGNALLING EVENTS,ADRA1B
G ALPHA (Q) SIGNALLING EVENTS,ADRA1A
G ALPHA (Q) SIGNALLING EVENTS,ADRA1D
G ALPHA (Q) SIGNALLING EVENTS,TBXA2R
G ALPHA (Q) SIGNALLING EVENTS,TACR2
G ALPHA (Q) SIGNALLING EVENTS,GPRC6A
G ALPHA (Q) SIGNALLING EVENTS,PTGER1
G ALPHA (Q) SIGNALLING EVENTS,AGTR1
G ALPHA (Q) SIGNALLING EVENTS,AGT
G ALPHA (Q) SIGNALLING EVENTS,PTGFR
G ALPHA (Q) SIGNALLING EVENTS,TRIO
G ALPHA (Q) SIGNALLING EVENTS,ARHGEF25
G ALPHA (Q) SIGNALLING EVENTS,KALRN
G ALPHA (Q) SIGNALLING EVENTS,PLCB4
G ALPHA (Q) SIGNALLING EVENTS,PLCB3
G ALPHA (Q) SIGNALLING EVENTS,PLCB1
G ALPHA (Q) SIGNALLING EVENTS,PLCB2
G ALPHA (Q) SIGNALLING EVENTS,RGS1
G ALPHA (Q) SIGNALLING EVENTS,RGS4
G ALPHA (Q) SIGNALLING EVENTS,RGS5
G ALPHA (Q) SIGNALLING EVENTS,RGS13
G ALPHA (Q) SIGNALLING EVENTS,RGS16
G ALPHA (Q) SIGNALLING EVENTS,RGS17
G ALPHA (Q) SIGNALLING EVENTS,GRK2
G ALPHA (Q) SIGNALLING EVENTS,PIK3CA
G ALPHA (Q) SIGNALLING EVENTS,PIK3R3
G ALPHA (Q) SIGNALLING EVENTS,PIK3R2
G ALPHA (Q) SIGNALLING EVENTS,PIK3R1
ESR-MEDIATED SIGNALING,ESR2
ESR-MEDIATED SIGNALING,ESR1
ESR-MEDIATED SIGNALING,HSP90AB1
ESR-MEDIATED SIGNALING,HSP90AA1
ESR-MEDIATED SIGNALING,PTGES3
ESR-MEDIATED SIGNALING,FKBP4
ESR-MEDIATED SIGNALING,PPP5C
ESR-MEDIATED SIGNALING,FKBP5
ESR-MEDIATED SIGNALING,PPID
ESR-MEDIATED SIGNALING,STRN
ESR-MEDIATED SIGNALING,CAV2
ESR-MEDIATED SIGNALING,CAV1
ESR-MEDIATED SIGNALING,AKT2
ESR-MEDIATED SIGNALING,AKT3
ESR-MEDIATED SIGNALING,AKT1
ESR-MEDIATED SIGNALING,CREB1
ESR-MEDIATED SIGNALING,SRF
ESR-MEDIATED SIGNALING,ELK1
ESR-MEDIATED SIGNALING,UHMK1
ESR-MEDIATED SIGNALING,CDKN1B
ESR-MEDIATED SIGNALING,MAPK1
ESR-MEDIATED SIGNALING,MAPK3
ESR-MEDIATED SIGNALING,CCND1
ESR-MEDIATED SIGNALING,FOS
ESR-MEDIATED SIGNALING,PTK2
ESR-MEDIATED SIGNALING,HBEGF
ESR-MEDIATED SIGNALING,EREG
ESR-MEDIATED SIGNALING,EGF
ESR-MEDIATED SIGNALING,TGFA
ESR-MEDIATED SIGNALING,EPGN
ESR-MEDIATED SIGNALING,BTC
ESR-MEDIATED SIGNALING,AREG
ESR-MEDIATED SIGNALING,EGFR
ESR-MEDIATED SIGNALING,XPO1
ESR-MEDIATED SIGNALING,FOXO3
ESR-MEDIATED SIGNALING,BCL2
ESR-MEDIATED SIGNALING,ZDHHC7
ESR-MEDIATED SIGNALING,ZDHHC21
ESR-MEDIATED SIGNALING,HSPB1
ESR-MEDIATED SIGNALING,KRAS
ESR-MEDIATED SIGNALING,NRAS
ESR-MEDIATED SIGNALING,HRAS
ESR-MEDIATED SIGNALING,PRKCZ
ESR-MEDIATED SIGNALING,PDPK1
ESR-MEDIATED SIGNALING,SRC
ESR-MEDIATED SIGNALING,PIK3CA
ESR-MEDIATED SIGNALING,PIK3R3
ESR-MEDIATED SIGNALING,PIK3R2
ESR-MEDIATED SIGNALING,PIK3R1
ESR-MEDIATED SIGNALING,GNB2
ESR-MEDIATED SIGNALING,GNB4
ESR-MEDIATED SIGNALING,GNB5
ESR-MEDIATED SIGNALING,GNB3
ESR-MEDIATED SIGNALING,GNB1
ESR-MEDIATED SIGNALING,GNG8
ESR-MEDIATED SIGNALING,GNGT2
ESR-MEDIATED SIGNALING,GNGT1
ESR-MEDIATED SIGNALING,GNG7
ESR-MEDIATED SIGNALING,GNG13
ESR-MEDIATED SIGNALING,GNG3
ESR-MEDIATED SIGNALING,GNG10
ESR-MEDIATED SIGNALING,GNG11
ESR-MEDIATED SIGNALING,GNG4
ESR-MEDIATED SIGNALING,GNG5
ESR-MEDIATED SIGNALING,GNG12
ESR-MEDIATED SIGNALING,GNG2
ESR-MEDIATED SIGNALING,GNAI3
ESR-MEDIATED SIGNALING,GNAI1
ESR-MEDIATED SIGNALING,GNAI2
ESR-MEDIATED SIGNALING,GNAT3
ESR-MEDIATED SIGNALING,CALM1
ESR-MEDIATED SIGNALING,NOS3
ESR-MEDIATED SIGNALING,IGF1R
ESR-MEDIATED SIGNALING,SHC1
ESR-MEDIATED SIGNALING,S1PR3
ESR-MEDIATED SIGNALING,SPHK1
ESR-MEDIATED SIGNALING,PRMT1
ESR-MEDIATED SIGNALING,MMP2
ESR-MEDIATED SIGNALING,MMP9
ESR-MEDIATED SIGNALING,MMP7
ESR-MEDIATED SIGNALING,MMP3
ESR-MEDIATED SIGNALING,GREB1
ESR-MEDIATED SIGNALING,EP300
ESR-MEDIATED SIGNALING,CREBBP
ESR-MEDIATED SIGNALING,H2BC14
ESR-MEDIATED SIGNALING,H2BC1
ESR-MEDIATED SIGNALING,H2BC5
ESR-MEDIATED SIGNALING,H2BC9
ESR-MEDIATED SIGNALING,H2BC21
ESR-MEDIATED SIGNALING,H2BC17
ESR-MEDIATED SIGNALING,H2BC12L
ESR-MEDIATED SIGNALING,H2BC15
ESR-MEDIATED SIGNALING,H2BC4
ESR-MEDIATED SIGNALING,H2BC11
ESR-MEDIATED SIGNALING,H2BC3
ESR-MEDIATED SIGNALING,H2BC12
ESR-MEDIATED SIGNALING,H2BC13
ESR-MEDIATED SIGNALING,H2BC26
ESR-MEDIATED SIGNALING,H2AC6
ESR-MEDIATED SIGNALING,H3-3A
ESR-MEDIATED SIGNALING,H3C1
ESR-MEDIATED SIGNALING,H3C15
ESR-MEDIATED SIGNALING,H4C1
ESR-MEDIATED SIGNALING,PGR
ESR-MEDIATED SIGNALING,ERBB4
ESR-MEDIATED SIGNALING,ATF2
ESR-MEDIATED SIGNALING,JUN
ESR-MEDIATED SIGNALING,FOXA1
ESR-MEDIATED SIGNALING,H2AB1
ESR-MEDIATED SIGNALING,H2AZ2
ESR-MEDIATED SIGNALING,H2AC7
ESR-MEDIATED SIGNALING,H2AX
ESR-MEDIATED SIGNALING,H2AJ
ESR-MEDIATED SIGNALING,H2AC20
ESR-MEDIATED SIGNALING,H2AC4
ESR-MEDIATED SIGNALING,H2AC18
ESR-MEDIATED SIGNALING,H2AC14
ESR-MEDIATED SIGNALING,GATA3
ESR-MEDIATED SIGNALING,POU2F1
ESR-MEDIATED SIGNALING,USF1
ESR-MEDIATED SIGNALING,USF2
ESR-MEDIATED SIGNALING,SP1
ESR-MEDIATED SIGNALING,NCOA1
ESR-MEDIATED SIGNALING,NCOA2
ESR-MEDIATED SIGNALING,NCOA3
ESR-MEDIATED SIGNALING,MED1
ESR-MEDIATED SIGNALING,ZNF217
ESR-MEDIATED SIGNALING,NR5A2
ESR-MEDIATED SIGNALING,AXIN1
ESR-MEDIATED SIGNALING,CBFB
ESR-MEDIATED SIGNALING,RUNX1
ESR-MEDIATED SIGNALING,KDM4B
ESR-MEDIATED SIGNALING,AGO1
ESR-MEDIATED SIGNALING,AGO4
ESR-MEDIATED SIGNALING,AGO3
ESR-MEDIATED SIGNALING,TNRC6A
ESR-MEDIATED SIGNALING,TNRC6B
ESR-MEDIATED SIGNALING,TNRC6C
ESR-MEDIATED SIGNALING,MOV10
ESR-MEDIATED SIGNALING,AGO2
ESR-MEDIATED SIGNALING,CXCL12
ESR-MEDIATED SIGNALING,NRIP1
ESR-MEDIATED SIGNALING,TLE3
ESR-MEDIATED SIGNALING,CXXC5
ESR-MEDIATED SIGNALING,KANK1
ESR-MEDIATED SIGNALING,POLR2E
ESR-MEDIATED SIGNALING,POLR2L
ESR-MEDIATED SIGNALING,POLR2F
ESR-MEDIATED SIGNALING,POLR2H
ESR-MEDIATED SIGNALING,POLR2I
ESR-MEDIATED SIGNALING,POLR2J
ESR-MEDIATED SIGNALING,POLR2A
ESR-MEDIATED SIGNALING,POLR2B
ESR-MEDIATED SIGNALING,POLR2K
ESR-MEDIATED SIGNALING,POLR2C
ESR-MEDIATED SIGNALING,POLR2D
ESR-MEDIATED SIGNALING,POLR2G
ESR-MEDIATED SIGNALING,GTF2F1
ESR-MEDIATED SIGNALING,GTF2F2
ESR-MEDIATED SIGNALING,CDK9
ESR-MEDIATED SIGNALING,CCNT1
ESR-MEDIATED SIGNALING,CHD1
ESR-MEDIATED SIGNALING,KCTD6
ESR-MEDIATED SIGNALING,GPAM
ESR-MEDIATED SIGNALING,CITED1
ESR-MEDIATED SIGNALING,YY1
ESR-MEDIATED SIGNALING,HDAC1
ESR-MEDIATED SIGNALING,KDM1A
ESR-MEDIATED SIGNALING,FOSB
ESR-MEDIATED SIGNALING,JUND
ESR-MEDIATED SIGNALING,RAD21
ESR-MEDIATED SIGNALING,SMC1A
ESR-MEDIATED SIGNALING,SMC3
ESR-MEDIATED SIGNALING,STAG2
ESR-MEDIATED SIGNALING,STAG1
ESR-MEDIATED SIGNALING,MYC
ESR-MEDIATED SIGNALING,MYB
ESR-MEDIATED SIGNALING,DDX5
ESR-MEDIATED SIGNALING,TFF3
ESR-MEDIATED SIGNALING,EBAG9
ESR-MEDIATED SIGNALING,KPNA2
ESR-MEDIATED SIGNALING,CTSD
ESR-MEDIATED SIGNALING,TBP
ESR-MEDIATED SIGNALING,GTF2A1
ESR-MEDIATED SIGNALING,GTF2A2
ESR-MEDIATED SIGNALING,TFF1
ESR-MEDIATED SIGNALING,CARM1
ESR-MEDIATED SIGNALING,KAT5
ESR-MEDIATED SIGNALING,KAT2B
PDE5A,RALOXIFENO
KDR,RALOXIFENO
RET,RALOXIFENO
ATM,RALOXIFENO
MGLL,RALOXIFENO
CSNK2A1,RALOXIFENO
PLAU,RALOXIFENO
GSK3B,RALOXIFENO
PRKCZ,RALOXIFENO
DRD2,RALOXIFENO
TYK2,RALOXIFENO
RORC,RALOXIFENO
ABL1,RALOXIFENO
CHEK2,RALOXIFENO
MET,RALOXIFENO
CTSD,RALOXIFENO
SRC,RALOXIFENO
MAPK3,RALOXIFENO
PPARD,RALOXIFENO
GSK3A,RALOXIFENO
IDH1,RALOXIFENO
CACNA1G,RALOXIFENO
PDE4D,RALOXIFENO
F7,RALOXIFENO
MAPK1,RALOXIFENO
GRK2,RALOXIFENO
PRKDC,RALOXIFENO
EGFR,RALOXIFENO
DHODH,RALOXIFENO
NTRK1,RALOXIFENO
KDM1A,RALOXIFENO
PLK1,RALOXIFENO
NEK2,RALOXIFENO
PTGS1,RALOXIFENO
BTK,RALOXIFENO
PPARA,RALOXIFENO
KLKB1,RALOXIFENO
PIK3CA,RALOXIFENO
CHRM2,RALOXIFENO
AKT2,RALOXIFENO
ELANE,RALOXIFENO
ALOX5,RALOXIFENO
LDHA,RALOXIFENO
ACHE,RALOXIFENO
ESR2,RALOXIFENO
PDE4B,RALOXIFENO
CYP2C9,RALOXIFENO
CYP19A1,RALOXIFENO
PIK3CB,RALOXIFENO
JAK2,RALOXIFENO
PTK2,RALOXIFENO
PAK1,RALOXIFENO
PDE10A,RALOXIFENO
AURKB,RALOXIFENO
CA1,RALOXIFENO
LCK,RALOXIFENO
SLC6A3,RALOXIFENO
JAK1,RALOXIFENO
CYP2C19,RALOXIFENO
CDK2,RALOXIFENO
ADORA2A,RALOXIFENO
ALK,RALOXIFENO
F10,RALOXIFENO
OPRM1,RALOXIFENO
PTPN11,RALOXIFENO
BCHE,RALOXIFENO
PIK3CG,RALOXIFENO
PDE2A,RALOXIFENO
PPARG,RALOXIFENO
DYRK1A,RALOXIFENO
MAPK14,RALOXIFENO
PDE7A,RALOXIFENO
DOT1L,RALOXIFENO
PDE3A,RALOXIFENO
EPHX2,RALOXIFENO
RPS6KA3,RALOXIFENO
CYP3A4,RALOXIFENO
F2,RALOXIFENO
FGFR1,RALOXIFENO
AR,RALOXIFENO
ATG4B,RALOXIFENO
HSP90AA1,RALOXIFENO
PRKCI,RALOXIFENO
JAK3,RALOXIFENO
FLT3,RALOXIFENO
KLK1,RALOXIFENO
ACE,RALOXIFENO
AXL,RALOXIFENO
CHRNA7,RALOXIFENO
AURKA,RALOXIFENO
MAOA,RALOXIFENO
MTOR,RALOXIFENO
MAPK8,RALOXIFENO
CYP11B1,RALOXIFENO
IDO1,RALOXIFENO
BRAF,RALOXIFENO
AOC3,RALOXIFENO
BRD4,RALOXIFENO
SLC6A2,RALOXIFENO
ESR1,RALOXIFENO
PIK3CD,RALOXIFENO
ATR,RALOXIFENO
SLC6A4,RALOXIFENO
CACNA1H,RALOXIFENO
