#queryIndex	queryItem	stringId	preferredName	annotation
4	10153	9606.ENSP00000234170	CEBPZ	CCAAT/enhancer-binding protein zeta; Stimulates transcription from the HSP70 promoter; Belongs to the CBF/MAK21 family.
5	10161	9606.ENSP00000367691	LPAR6	Lysophosphatidic acid receptor 6; Binds to oleoyl-L-alpha-lysophosphatidic acid (LPA). Intracellular cAMP is involved in the receptor activation. Important for the maintenance of hair growth and texture.
6	10272	9606.ENSP00000166139	FSTL3	Follistatin-related protein 3; Isoform 1 or the secreted form is a binding and antagonizing protein for members of the TGF-beta family, such us activin, BMP2 and MSTN. Inhibits activin A-, activin B-, BMP2- and MSDT-induced cellular signaling; more effective on activin A than on activin B. Involved in bone formation; inhibits osteoclast differentiationc. Involved in hematopoiesis; involved in differentiation of hemopoietic progenitor cells, increases hematopoietic cell adhesion to fibronectin and seems to contribute to the adhesion of hematopoietic precursor cells to the bone marrow st [...] 
7	11086	9606.ENSP00000484862	ADAM29	Disintegrin and metalloproteinase domain-containing protein 29; May be involved in spermatogenesis and fertilization. Seems to be a non catalytic metalloprotease-like protein.
8	113189	9606.ENSP00000307297	CHST14	Carbohydrate sulfotransferase 14; Catalyzes the transfer of sulfate to position 4 of the N- acetylgalactosamine (GalNAc) residue of dermatan sulfate. Plays a pivotal role in the formation of 4-0-sulfated IdoA blocks in dermatan sulfate. Transfers sulfate to the C-4 hydroxyl of beta1,4-linked GalNAc that is substituted with an alpha-linked iduronic acid (IdoUA) at the C-3 hydroxyl. Transfers sulfate more efficiently to GalNAc residues in -IdoUA-GalNAc-IdoUA- than in -GlcUA-GalNAc-GlcUA-sequences. Has preference for partially desulfated dermatan sulfate. Addition of sulfate to GalNAc may [...] 
9	11340	9606.ENSP00000374354	EXOSC8	Exosome complex component RRP43; Non-catalytic component of the RNA exosome complex which has 3'->5' exoribonuclease activity and participates in a multitude of cellular RNA processing and degradation events. In the nucleus, the RNA exosome complex is involved in proper maturation of stable RNA species such as rRNA, snRNA and snoRNA, in the elimination of RNA processing by-products and non-coding 'pervasive' transcripts, such as antisense RNA species and promoter-upstream transcripts (PROMPTs), and of mRNAs with processing defects, thereby limiting or excluding their export to the cyto [...] 
10	115825	9606.ENSP00000298125	WDFY2	WD repeat and FYVE domain-containing protein 2; Acts in an adapter protein-like fashion to mediate the interaction between the kinase PRKCZ and its substrate VAMP2 and increases the PRKCZ-dependent phosphorylation of VAMP2. Positively regulates adipocyte differentiation, by facilitating the phosphorylation and thus inactivation of the anti- adipogenetic transcription factor FOXO1 by the kinase AKT1. Plays a role in endosomal control of AKT2 signaling; required for insulin-stimulated AKT2 phosphorylation and glucose uptake and insulin-stimulated phosphorylation of AKT2 substrates (By si [...] 
11	1240	9606.ENSP00000449716	CMKLR1	Chemokine-like receptor 1; Receptor for the chemoattractant adipokine chemerin/RARRES2 and for the omega-3 fatty acid derived molecule resolvin E1. Interaction with RARRES2 induces activation of intracellular signaling molecules, such as SKY, MAPK1/3 (ERK1/2), MAPK14/P38MAPK and PI3K leading to multifunctional effects, like, reduction of immune responses, enhancing of adipogenesis and angionesis. Resolvin E1 down- regulates cytokine production in macrophages by reducing the activation of MAPK1/3 (ERK1/2) and NF-kappa-B. Positively regulates adipogenesis and adipocyte metabolism. Acts a [...] 
12	1263	9606.ENSP00000361275	PLK3	Serine/threonine-protein kinase PLK3; Serine/threonine-protein kinase involved in cell cycle regulation, response to stress and Golgi disassembly. Polo-like kinases act by binding and phosphorylating proteins are that already phosphorylated on a specific motif recognized by the POLO box domains. Phosphorylates ATF2, BCL2L1, CDC25A, CDC25C, CHEK2, HIF1A, JUN, p53/TP53, p73/TP73, PTEN, TOP2A and VRK1. Involved in cell cycle regulation: required for entry into S phase and cytokinesis. Phosphorylates BCL2L1, leading to regulate the G2 checkpoint and progression to cytokinesis during mitosi [...] 
13	1268	9606.ENSP00000358513	CNR1	Cannabinoid receptor 1; G-protein coupled receptor for endogenous cannabinoids (eCBs), including N-arachidonoylethanolamide (also called anandamide or AEA) and 2-arachidonoylglycerol (2-AG), as well as phytocannabinoids, such as delta(9)-tetrahydrocannabinol (THC). Mediates many cannabinoid-induced effects, acting, among others, on food intake, memory loss, gastrointestinal motility, catalepsy, ambulatory activity, anxiety, chronic pain. Signaling typically involves reduction in cyclic AMP. In the hypothalamus, may have a dual effect on mitochondrial respiration depending upon the agon [...] 
14	1316	9606.ENSP00000419923	KLF6	Krueppel-like factor 6; Transcriptional activator (By similarity). Binds a GC box motif. Could play a role in B-cell growth and development.
15	132321	9606.ENSP00000281146	C4orf33	UPF0462 protein C4orf33; Chromosome 4 open reading frame 33.
16	1374	9606.ENSP00000265641	CPT1A	Carnitine O-palmitoyltransferase 1, liver isoform; Catalyzes the transfer of the acyl group of long-chain fatty acid-CoA conjugates onto carnitine, an essential step for the mitochondrial uptake of long-chain fatty acids and their subsequent beta-oxidation in the mitochondrion. Plays an important role in triglyceride metabolism.
17	138065	9606.ENSP00000419454	RNF183	E3 ubiquitin-protein ligase RNF183; Acts as a E3 ubiquitin ligase catalyzing the covalent attachment of ubiquitin moieties onto substrate proteins. Triggers apoptosis in response to prolonged ER stress by mediating the polyubiquitination and subsequent proteasomal degradation of BCL2L1. May collaborate with FATE1 to restrain BIK protein levels thus regulating apoptotic signaling.
18	144124	9606.ENSP00000299454	OR10A5	Olfactory receptor 10A5; Odorant receptor (Potential). May be involved in taste perception.
20	150160	9606.ENSP00000353048	CCT8L2	T-complex protein 1 subunit theta-like 2; Possible molecular chaperone; assists the folding of proteins upon ATP hydrolysis; Belongs to the TCP-1 chaperonin family.
21	151230	9606.ENSP00000376419	KLHL23	Kelch-like protein 23; Kelch like family member 23.
22	1514	9606.ENSP00000345344	CTSL	Cathepsin L1 heavy chain; Thiol protease important for the overall degradation of proteins in lysosomes (Probable). Involved in the solubilization of cross-linked TG/thyroglobulin and in the subsequent release of thyroid hormone thyroxine (T4) by limited proteolysis of TG/thyroglobulin in the thyroid follicle lumen (By similarity).
23	1525	9606.ENSP00000284878	CXADR	Coxsackievirus and adenovirus receptor; Component of the epithelial apical junction complex that may function as a homophilic cell adhesion molecule and is essential for tight junction integrity. Also involved in transepithelial migration of leukocytes through adhesive interactions with JAML a transmembrane protein of the plasma membrane of leukocytes. The interaction between both receptors also mediates the activation of gamma-delta T-cells, a subpopulation of T-cells residing in epithelia and involved in tissue homeostasis and repair. Upon epithelial CXADR-binding, JAML induces downs [...] 
24	154064	9606.ENSP00000356310	RAET1L	UL16-binding protein 6; Binds and activates the KLRK1/NKG2D receptor, mediating natural killer cell cytotoxicity; Belongs to the MHC class I family.
26	160364	9606.ENSP00000347916	CLEC12A	C-type lectin domain family 12 member A; Cell surface receptor that modulates signaling cascades and mediates tyrosine phosphorylation of target MAP kinases.
27	170685	9606.ENSP00000365174	NUDT10	Diphosphoinositol polyphosphate phosphohydrolase 3-alpha; Cleaves a beta-phosphate from the diphosphate groups in PP- InsP5 (diphosphoinositol pentakisphosphate), suggesting that it may play a role in signal transduction. Also able to catalyze the hydrolysis of dinucleoside oligophosphates, with Ap6A and Ap5A being the preferred substrates. The major reaction products are ADP and p4a from Ap6A and ADP and ATP from Ap5A. Also able to hydrolyze 5- phosphoribose 1-diphosphate.
28	170958	9606.ENSP00000417696	ZNF525	Zinc finger protein 525.
29	1915	9606.ENSP00000339063	EEF1A1	Elongation factor 1-alpha 1; This protein promotes the GTP-dependent binding of aminoacyl- tRNA to the A-site of ribosomes during protein biosynthesis. With PARP1 and TXK, forms a complex that acts as a T helper 1 (Th1) cell-specific transcription factor and binds the promoter of IFN-gamma to directly regulate its transcription, and is thus involved importantly in Th1 cytokine production; Belongs to the TRAFAC class translation factor GTPase superfamily. Classic translation factor GTPase family. EF-Tu/EF-1A subfamily.
30	199692	9606.ENSP00000354414	ZNF627	Zinc finger protein 627; May be involved in transcriptional regulation.
32	2101	9606.ENSP00000384851	ESRRA	Steroid hormone receptor ERR1; Binds to an ERR-alpha response element (ERRE) containing a single consensus half-site, 5'-TNAAGGTCA-3'. Can bind to the medium- chain acyl coenzyme A dehydrogenase (MCAD) response element NRRE-1 and may act as an important regulator of MCAD promoter. Binds to the C1 region of the lactoferrin gene promoter. Requires dimerization and the coactivator, PGC-1A, for full activity. The ERRalpha/PGC1alpha complex is a regulator of energy metabolism. Induces the expression of PERM1 in the skeletal muscle.
33	219869	9606.ENSP00000389072	OR10G8	Olfactory receptor 10G8; Odorant receptor; Belongs to the G-protein coupled receptor 1 family.
34	23218	9606.ENSP00000415034	NBEAL2	Neurobeachin-like protein 2; Probably involved in thrombopoiesis. Plays a role in the development or secretion of alpha-granules, that contain several growth factors important for platelet biogenesis. Belongs to the WD repeat neurobeachin family.
35	23223	9606.ENSP00000446184	RRP12	RRP12-like protein; Ribosomal RNA processing 12 homolog.
36	2354	9606.ENSP00000245919	FOSB	Protein fosB; FosB interacts with Jun proteins enhancing their DNA binding activity.
37	2359	9606.ENSP00000341821	FPR3	N-formyl peptide receptor 3; Low affinity receptor for N-formyl-methionyl peptides, which are powerful neutrophils chemotactic factors. Binding of FMLP to the receptor causes activation of neutrophils. This response is mediated via a G-protein that activates a phosphatidylinositol-calcium second messenger system.
38	23645	9606.ENSP00000200453	PPP1R15A	Protein phosphatase 1 regulatory subunit 15A; Recruits the serine/threonine-protein phosphatase PP1 to dephosphorylate the translation initiation factor eIF-2A/EIF2S1, thereby reversing the shut-off of protein synthesis initiated by stress-inducible kinases and facilitating recovery of cells from stress. Down-regulates the TGF-beta signaling pathway by promoting dephosphorylation of TGFB1 by PP1. May promote apoptosis by inducing TP53 phosphorylation on 'Ser-15'.
39	23753	9606.ENSP00000248958	SDF2L1	Stromal cell derived factor 2 like 1.
40	246744	9606.ENSP00000443168	STH	Saitohin.
41	2526	9606.ENSP00000351602	FUT4	Alpha-(1,3)-fucosyltransferase 4; May catalyze alpha-1,3 glycosidic linkages involved in the expression of Lewis X/SSEA-1 and VIM-2 antigens.
42	255626	9606.ENSP00000274764	H2BC1	Histone H2B type 1-A; Variant histone specifically required to direct the transformation of dissociating nucleosomes to protamine in male germ cells (By similarity). Entirely replaces classical histone H2B prior nucleosome to protamine transition and probably acts as a nucleosome dissociating factor that creates a more dynamic chromatin, facilitating the large-scale exchange of histones (By similarity). Core component of nucleosome (By similarity). Nucleosomes wrap and compact DNA into chromatin, limiting DNA accessibility to the cellular machineries which require DNA as a template (By [...] 
43	25909	9606.ENSP00000355465	AHCTF1	Protein ELYS; Required for the assembly of a functional nuclear pore complex (NPC) on the surface of chromosomes as nuclei form at the end of mitosis. May initiate NPC assembly by binding to chromatin and recruiting the Nup107-160 subcomplex of the NPC. Also required for the localization of the Nup107-160 subcomplex of the NPC to the kinetochore during mitosis and for the completion of cytokinesis.
44	25926	9606.ENSP00000253247	NOL11	Nucleolar protein 11; Ribosome biogenesis factor. May be required for both optimal rDNA transcription and small subunit (SSU) pre-rRNA processing at sites A', A0, 1 and 2b.
45	26538	9606.ENSP00000306095	OR10H2	Olfactory receptor 10H2; Odorant receptor; Belongs to the G-protein coupled receptor 1 family.
46	267020	9606.ENSP00000421076	ATP5MGL	Putative ATP synthase subunit g 2, mitochondrial; Mitochondrial membrane ATP synthase (F(1)F(0) ATP synthase or Complex V) produces ATP from ADP in the presence of a proton gradient across the membrane which is generated by electron transport complexes of the respiratory chain. F-type ATPases consist of two structural domains, F(1) - containing the extramembraneous catalytic core, and F(0) - containing the membrane proton channel, linked together by a central stalk and a peripheral stalk. During catalysis, ATP synthesis in the catalytic domain of F(1) is coupled via a rotary mechanism  [...] 
47	26959	9606.ENSP00000222574	HBP1	HMG box-containing protein 1; Transcriptional repressor that binds to the promoter region of target genes. Plays a role in the regulation of the cell cycle and of the Wnt pathway. Binds preferentially to the sequence 5'- TTCATTCATTCA-3'. Binding to the histone H1.0 promoter is enhanced by interaction with RB1. Disrupts the interaction between DNA and TCF4.
48	27197	9606.ENSP00000303549	GPR82	Probable G-protein coupled receptor 82; Orphan receptor; Belongs to the G-protein coupled receptor 1 family.
49	282616	9606.ENSP00000333639	IFNL2	Interferon lambda-2; Cytokine with antiviral, antitumour and immunomodulatory activities. Plays a critical role in the antiviral host defense, predominantly in the epithelial tissues. Acts as a ligand for the heterodimeric class II cytokine receptor composed of IL10RB and IFNLR1, and receptor engagement leads to the activation of the JAK/STAT signaling pathway resulting in the expression of IFN-stimulated genes (ISG), which mediate the antiviral state. Has a restricted receptor distribution and therefore restricted targets: is primarily active in epithelial cells and this cell type-sel [...] 
50	283093	9606.ENSP00000334418	OR4C12	Olfactory receptor 4C12; Odorant receptor; Belongs to the G-protein coupled receptor 1 family.
51	284207	9606.ENSP00000315731	METRNL	Meteorin-like protein; Hormone induced following exercise or cold exposure that promotes energy expenditure. Induced either in the skeletal muscle after exercise or in adipose tissue following cold exposure and is present in the circulation. Able to stimulate energy expenditure associated with the browning of the white fat depots and improves glucose tolerance. Does not promote an increase in a thermogenic gene program via direct action on adipocytes, but acts by stimulating several immune cell subtypes to enter the adipose tissue and activate their prothermogenic actions. Stimulates a [...] 
52	3101	9606.ENSP00000292432	HK3	Hexokinase-3; Catalyzes the phosphorylation of hexose, such as D-glucose and D-fructose, to hexose 6-phosphate (D-glucose 6-phosphate and D- fructose 6-phosphate, respectively). Mediates the initial step of glycolysis by catalyzing phosphorylation of D-glucose to D-glucose 6-phosphate. Belongs to the hexokinase family.
53	3151	9606.ENSP00000355228	HMGN2	Non-histone chromosomal protein HMG-17; Binds to the inner side of the nucleosomal DNA thus altering the interaction between the DNA and the histone octamer. May be involved in the process which maintains transcribable genes in a unique chromatin conformation (By similarity).
54	3159	9606.ENSP00000399888	HMGA1	High mobility group protein HMG-I/HMG-Y; HMG-I/Y bind preferentially to the minor groove of A+T rich regions in double-stranded DNA. It is suggested that these proteins could function in nucleosome phasing and in the 3'-end processing of mRNA transcripts. They are also involved in the transcription regulation of genes containing, or in close proximity to A+T-rich regions.
55	3164	9606.ENSP00000440864	NR4A1	Nuclear receptor subfamily 4 group A member 1; Orphan nuclear receptor. May act concomitantly with NURR1 in regulating the expression of delayed-early genes during liver regeneration. Binds the NGFI-B response element (NBRE) 5'-AAAAGGTCA-3' (By similarity). May inhibit NF-kappa-B transactivation of IL2. Participates in energy homeostasis by sequestrating the kinase STK11 in the nucleus, thereby attenuating cytoplasmic AMPK activation. Plays a role in the vascular response to injury (By similarity). ECO:0000250|UniProtKB:P12813.
56	3166	9606.ENSP00000383516	HMX1	Homeobox protein HMX1; DNA-binding protein that binds to the 5'-CAAG-3' core sequence. May function as a transcriptional repressor. Seems to act as a transcriptional antagonist of NKX2-5. May play an important role in the development of craniofacial structures such as the eye and ear.
57	3329	9606.ENSP00000340019	HSPD1	60 kDa heat shock protein, mitochondrial; Chaperonin implicated in mitochondrial protein import and macromolecular assembly. Together with Hsp10, facilitates the correct folding of imported proteins. May also prevent misfolding and promote the refolding and proper assembly of unfolded polypeptides generated under stress conditions in the mitochondrial matrix. The functional units of these chaperonins consist of heptameric rings of the large subunit Hsp60, which function as a back- to-back double ring. In a cyclic reaction, Hsp60 ring complexes bind one unfolded substrate protein per ri [...] 
58	338442	9606.ENSP00000375066	HCAR2	Hydroxycarboxylic acid receptor 2; Acts as a high affinity receptor for both nicotinic acid (also known as niacin) and (D)-beta-hydroxybutyrate and mediates increased adiponectin secretion and decreased lipolysis through G(i)- protein-mediated inhibition of adenylyl cyclase. This pharmacological effect requires nicotinic acid doses that are much higher than those provided by a normal diet. Mediates nicotinic acid-induced apoptosis in mature neutrophils. Receptor activation by nicotinic acid results in reduced cAMP levels which may affect activity of cAMP-dependent protein kinase A and  [...] 
59	338567	9606.ENSP00000334650	KCNK18	Potassium channel subfamily K member 18; Outward rectifying potassium channel. Produces rapidly activating outward rectifier K(+) currents. May function as background potassium channel that sets the resting membrane potential. Channel activity is directly activated by calcium signal. Activated by the G(q)-protein coupled receptor pathway. The calcium signal robustly activates the channel via calcineurin, whereas the anchoring of 14-3- 3/YWHAH interferes with the return of the current to the resting state after activation. Inhibited also by arachidonic acid and other naturally occurring [...] 
61	3439	9606.ENSP00000276927	IFNA1	Interferon alpha-1/13; Produced by macrophages, IFN-alpha have antiviral activities. Interferon stimulates the production of two enzymes: a protein kinase and an oligoadenylate synthetase; Belongs to the alpha/beta interferon family.
62	3440	9606.ENSP00000369554	IFNA2	Interferon alpha-2; Produced by macrophages, IFN-alpha have antiviral activities.
63	3576	9606.ENSP00000306512	CXCL8	Interleukin-8; IL-8 is a chemotactic factor that attracts neutrophils, basophils, and T-cells, but not monocytes. It is also involved in neutrophil activation. It is released from several cell types in response to an inflammatory stimulus. IL-8(6-77) has a 5-10-fold higher activity on neutrophil activation, IL-8(5-77) has increased activity on neutrophil activation and IL-8(7-77) has a higher affinity to receptors CXCR1 and CXCR2 as compared to IL-8(1-77), respectively.
64	3727	9606.ENSP00000252818	JUND	Transcription factor jun-D; Transcription factor binding AP-1 sites.
65	375061	9606.ENSP00000355614	FAM89A	Protein FAM89A; Family with sequence similarity 89 member A; Belongs to the FAM89 family.
66	375519	9606.ENSP00000435355	GJB7	Gap junction beta-7 protein; One gap junction consists of a cluster of closely packed pairs of transmembrane channels, the connexons, through which materials of low MW diffuse from one cell to a neighboring cell; Belongs to the connexin family. Beta-type (group I) subfamily.
67	386618	9606.ENSP00000368402	KCTD4	BTB/POZ domain-containing protein KCTD4; Potassium channel tetramerization domain containing 4.
68	386676	9606.ENSP00000381009	KRTAP10-9	Keratin-associated protein 10-9; In the hair cortex, hair keratin intermediate filaments are embedded in an interfilamentous matrix, consisting of hair keratin- associated proteins (KRTAP), which are essential for the formation of a rigid and resistant hair shaft through their extensive disulfide bond cross-linking with abundant cysteine residues of hair keratins. The matrix proteins include the high-sulfur and high-glycine-tyrosine keratins.
70	4092	9606.ENSP00000262158	SMAD7	Mothers against decapentaplegic homolog 7; Antagonist of signaling by TGF-beta (transforming growth factor) type 1 receptor superfamily members; has been shown to inhibit TGF-beta (Transforming growth factor) and activin signaling by associating with their receptors thus preventing SMAD2 access. Functions as an adapter to recruit SMURF2 to the TGF-beta receptor complex. Also acts by recruiting the PPP1R15A-PP1 complex to TGFBR1, which promotes its dephosphorylation. Positively regulates PDPK1 kinase activity by stimulating its dissociation from the 14-3-3 protein YWHAQ which acts as a  [...] 
71	414899	9606.ENSP00000453153	BLID	BH3-like motif-containing cell death inducer; Functions as a proapoptotic molecule through the caspase- dependent mitochondrial pathway of cell death.
72	417	9606.ENSP00000250693	ART1	GPI-linked NAD(P)(+)--arginine ADP-ribosyltransferase 1; Has ADP-ribosyltransferase activity toward GLP1R.
73	4314	9606.ENSP00000299855	MMP3	Stromelysin-1; Can degrade fibronectin, laminin, gelatins of type I, III, IV, and V; collagens III, IV, X, and IX, and cartilage proteoglycans. Activates procollagenase; Belongs to the peptidase M10A family.
75	4707	9606.ENSP00000483888	NDUFB1	NADH dehydrogenase [ubiquinone] 1 beta subcomplex subunit 1; Accessory subunit of the mitochondrial membrane respiratory chain NADH dehydrogenase (Complex I) that is believed not to be involved in catalysis. Complex I functions in the transfer of electrons from NADH to the respiratory chain. The immediate electron acceptor for the enzyme is believed to be ubiquinone.
76	4709	9606.ENSP00000407336	NDUFB3	NADH dehydrogenase [ubiquinone] 1 beta subcomplex subunit 3; Accessory subunit of the mitochondrial membrane respiratory chain NADH dehydrogenase (Complex I), that is believed not to be involved in catalysis. Complex I functions in the transfer of electrons from NADH to the respiratory chain. The immediate electron acceptor for the enzyme is believed to be ubiquinone.
77	4791	9606.ENSP00000358983	NFKB2	Nuclear factor NF-kappa-B p100 subunit; NF-kappa-B is a pleiotropic transcription factor present in almost all cell types and is the endpoint of a series of signal transduction events that are initiated by a vast array of stimuli related to many biological processes such as inflammation, immunity, differentiation, cell growth, tumorigenesis and apoptosis. NF-kappa-B is a homo- or heterodimeric complex formed by the Rel-like domain- containing proteins RELA/p65, RELB, NFKB1/p105, NFKB1/p50, REL and NFKB2/p52. The dimers bind at kappa-B sites in the DNA of their target genes and the indi [...] 
78	4792	9606.ENSP00000216797	NFKBIA	NF-kappa-B inhibitor alpha; Inhibits the activity of dimeric NF-kappa-B/REL complexes by trapping REL dimers in the cytoplasm through masking of their nuclear localization signals. On cellular stimulation by immune and proinflammatory responses, becomes phosphorylated promoting ubiquitination and degradation, enabling the dimeric RELA to translocate to the nucleus and activate transcription.
79	4832	9606.ENSP00000219302	NME3	Nucleoside diphosphate kinase 3; Major role in the synthesis of nucleoside triphosphates other than ATP. The ATP gamma phosphate is transferred to the NDP beta phosphate via a ping-pong mechanism, using a phosphorylated active-site intermediate. Probably has a role in normal hematopoiesis by inhibition of granulocyte differentiation and induction of apoptosis; Belongs to the NDK family.
80	50486	9606.ENSP00000355996	G0S2	G0/G1 switch protein 2; Promotes apoptosis by binding to BCL2, hence preventing the formation of protective BCL2-BAX heterodimers.
81	5055	9606.ENSP00000401645	SERPINB2	Plasminogen activator inhibitor 2; Inhibits urokinase-type plasminogen activator. The monocyte derived PAI-2 is distinct from the endothelial cell-derived PAI-1; Belongs to the serpin family. Ov-serpin subfamily.
82	50650	9606.ENSP00000341071	ARHGEF3	Rho guanine nucleotide exchange factor 3; Acts as guanine nucleotide exchange factor (GEF) for RhoA and RhoB GTPases.
83	51025	9606.ENSP00000315693	PAM16	Mitochondrial import inner membrane translocase subunit TIM16; Regulates ATP-dependent protein translocation into the mitochondrial matrix. Inhibits DNAJC19 stimulation of HSPA9/Mortalin ATPase activity; Belongs to the TIM16/PAM16 family.
84	51123	9606.ENSP00000430823	ZNF706	Zinc finger protein 706; Transcription repressor involved in the exit of embryonic stem cells (ESCs) from self-renewal. Acts by repressing expression of KLF4.
85	51278	9606.ENSP00000356549	IER5	Immediate early response gene 5 protein; Plays a role as a transcription factor. Mediates positive transcriptional regulation of several chaperone genes during the heat shock response in a HSF1- dependent manner. Mediates negative transcriptional regulation of CDC25B expression. Plays a role in the dephosphorylation of the heat shock factor HSF1 and ribosomal protein S6 kinase (S6K) by the protein phosphatase PP2A. Involved in the regulation of cell proliferation and resistance to thermal stress. Involved in the cell cycle checkpoint and survival in response to ionizing radiation. Asso [...] 
86	5149	9606.ENSP00000266395	PDE6H	Retinal cone rhodopsin-sensitive cGMP 3',5'-cyclic phosphodiesterase subunit gamma; Participates in processes of transmission and amplification of the visual signal. cGMP-PDEs are the effector molecules in G- protein-mediated phototransduction in vertebrate rods and cones; Belongs to the rod/cone cGMP-PDE gamma subunit family.
87	51601	9606.ENSP00000377115	LIPT1	Lipoyltransferase 1, mitochondrial; Catalyzes the transfer of the lipoyl group from lipoyl-AMP to the specific lysine residue of lipoyl domains of lipoate-dependent enzymes; Belongs to the LplA family.
88	51764	9606.ENSP00000248150	GNG13	Guanine nucleotide-binding protein G(I)/G(S)/G(O) subunit gamma-13; Guanine nucleotide-binding proteins (G proteins) are involved as a modulator or transducer in various transmembrane signaling systems. The beta and gamma chains are required for the GTPase activity, for replacement of GDP by GTP, and for G protein-effector interaction.
89	5292	9606.ENSP00000362608	PIM1	Serine/threonine-protein kinase pim-1; Proto-oncogene with serine/threonine kinase activity involved in cell survival and cell proliferation and thus providing a selective advantage in tumorigenesis. Exerts its oncogenic activity through: the regulation of MYC transcriptional activity, the regulation of cell cycle progression and by phosphorylation and inhibition of proapoptotic proteins (BAD, MAP3K5, FOXO3). Phosphorylation of MYC leads to an increase of MYC protein stability and thereby an increase of transcriptional activity. The stabilization of MYC exerted by PIM1 might explain pa [...] 
90	5439	9606.ENSP00000292614	POLR2J	DNA-directed RNA polymerase II subunit RPB11-a; DNA-dependent RNA polymerase catalyzes the transcription of DNA into RNA using the four ribonucleoside triphosphates as substrates. Component of RNA polymerase II which synthesizes mRNA precursors and many functional non-coding RNAs. Pol II is the central component of the basal RNA polymerase II transcription machinery. It is composed of mobile elements that move relative to each other. RPB11 is part of the core element with the central large cleft (By similarity).
91	54757	9606.ENSP00000468308	FAM20A	Pseudokinase FAM20A; Pseudokinase that acts as an allosteric activator of the Golgi serine/threonine protein kinase FAM20C and is involved in biomineralization of teeth. Forms a complex with FAM20C and increases the ability of FAM20C to phosphorylate the proteins that form the 'matrix' that guides the deposition of the enamel minerals.
92	54927	9606.ENSP00000389297	CHCHD3	MICOS complex subunit MIC19; Component of the MICOS complex, a large protein complex of the mitochondrial inner membrane that plays crucial roles in the maintenance of crista junctions, inner membrane architecture, and formation of contact sites to the outer membrane. Has also been shown to function as a transcription factor which binds to the BAG1 promoter and represses BAG1 transcription. Plays an important role in the maintenance of the MICOS complex stability and the mitochondrial cristae morphology.
94	55199	9606.ENSP00000352182	FAM86C1	Protein FAM86C1.
95	55332	9606.ENSP00000258534	DRAM1	DNA damage-regulated autophagy modulator protein 1; Lysosomal modulator of autophagy that plays a central role in p53/TP53-mediated apoptosis. Not involved in p73/TP73-mediated autophagy.
96	55670	9606.ENSP00000331106	PEX26	Peroxisome assembly protein 26; Probably required for protein import into peroxisomes. Anchors PEX1 and PEX6 to peroxisome membranes, possibly to form heteromeric AAA ATPase complexes required for the import of proteins into peroxisomes. Involved in the import of catalase and proteins containing a PTS2 target sequence, but not in import of proteins with a PTS1 target sequence.
97	56122	9606.ENSP00000239449	PCDHB14	Protocadherin beta-14; Potential calcium-dependent cell-adhesion protein. May be involved in the establishment and maintenance of specific neuronal connections in the brain.
98	57105	9606.ENSP00000282018	CYSLTR2	Cysteinyl leukotriene receptor 2; Receptor for cysteinyl leukotrienes. The response is mediated via a G-protein that activates a phosphatidylinositol-calcium second messenger system. Stimulation by BAY u9773, a partial agonist, induces specific contractions of pulmonary veins and might also have an indirect role in the relaxation of the pulmonary vascular endothelium. The rank order of affinities for the leukotrienes is LTC4 = LTD4 >> LTE4.
99	57824	9606.ENSP00000289448	HMHB1	Minor histocompatibility antigen HB-1; Precursor of the histocomplatibility antigen HB-1. More generally, minor histocomplatibility antigens (mHags) refer to immunogenic peptide which, when complexed with MHC, can generate an immune response after recognition by specific T-cells. The peptides are derived from polymorphic intracellular proteins, which are cleaved by normal pathways of antigen processing. The binding of these peptides to MHC class I or class II molecules and its expression on the cell surface can stimulate T-cell responses and thereby trigger graft rejection or graft-ver [...] 
100	57864	9606.ENSP00000363345	SLC46A2	Thymic stromal cotransporter homolog; May act as a transporter; Belongs to the major facilitator superfamily. SLC46A family.
101	58476	9606.ENSP00000363943	TP53INP2	Tumor protein p53-inducible nuclear protein 2; Dual regulator of transcription and autophagy. Positively regulates autophagy and is required for autophagosome formation and processing. May act as a scaffold protein that recruits MAP1LC3A, GABARAP and GABARAPL2 and brings them to the autophagosome membrane by interacting with VMP1 where, in cooperation with the BECN1-PI3-kinase class III complex, they trigger autophagosome development. Acts as a transcriptional activator of THRA.
102	59269	9606.ENSP00000361664	HIVEP3	Transcription factor HIVEP3; Plays a role of transcription factor; binds to recognition signal sequences (Rss heptamer) for somatic recombination of immunoglobulin and T-cell receptor gene segments; Binds also to the kappa-B motif of gene such as S100A4, involved in cell progression and differentiation. Kappa-B motif is a gene regulatory element found in promoters and enhancers of genes involved in immunity, inflammation, and growth and that responds to viral antigens, mitogens, and cytokines. Involvement of HIVEP3 in cell growth is strengthened by the fact that its down-regulation pro [...] 
103	5971	9606.ENSP00000221452	RELB	Transcription factor RelB; NF-kappa-B is a pleiotropic transcription factor which is present in almost all cell types and is involved in many biological processed such as inflammation, immunity, differentiation, cell growth, tumorigenesis and apoptosis. NF-kappa-B is a homo- or heterodimeric complex formed by the Rel-like domain-containing proteins RELA/p65, RELB, NFKB1/p105, NFKB1/p50, REL and NFKB2/p52. The dimers bind at kappa-B sites in the DNA of their target genes and the individual dimers have distinct preferences for different kappa-B sites that they can bind with distinguishab [...] 
104	60488	9606.ENSP00000081029	MRPS35	Mitochondrial ribosomal protein S35.
105	6222	9606.ENSP00000393241	RPS18	40S ribosomal protein S18; Located at the top of the head of the 40S subunit, it contacts several helices of the 18S rRNA.
106	638	9606.ENSP00000216115	BIK	Bcl-2-interacting killer; Accelerates programmed cell death. Association to the apoptosis repressors Bcl-X(L), BHRF1, Bcl-2 or its adenovirus homolog E1B 19k protein suppresses this death-promoting activity. Does not interact with BAX.
108	64332	9606.ENSP00000325663	NFKBIZ	NF-kappa-B inhibitor zeta; Involved in regulation of NF-kappa-B transcription factor complexes. Inhibits NF-kappa-B activity without affecting its nuclear translocation upon stimulation. Inhibits DNA-binding of RELA and NFKB1/p50, and of the NF-kappa-B p65-p50 heterodimer and the NF-kappa-B p50-p50 homodimer. Seems also to activate NF-kappa-B-mediated transcription. In vitro, upon association with NFKB1/p50 has transcriptional activation activity and, together with NFKB1/p50 and RELA, is recruited to LCN2 promoters. Promotes transcription of LCN2 and DEFB4. Is recruited to IL-6 promote [...] 
109	6452	9606.ENSP00000424846	SH3BP2	SH3 domain-binding protein 2; Binds differentially to the SH3 domains of certain proteins of signal transduction pathways. Binds to phosphatidylinositols; linking the hemopoietic tyrosine kinase fes to the cytoplasmic membrane in a phosphorylation dependent mechanism.
110	64847	9606.ENSP00000006658	SPATA20	Spermatogenesis-associated protein 20; May play a role in fertility regulation.
111	64857	9606.ENSP00000392906	PLEKHG2	Pleckstrin homology domain-containing family G member 2; May be a transforming oncogene with exchange activity for CDC42 (By similarity). May be a guanine-nucleotide exchange factor (GEF) for RAC1 and CDC42. Activated by the binding to subunits beta and gamma of the heterotrimeric guanine nucleotide-binding protein (G protein). Involved in the regulation of actin polymerization.
113	656	9606.ENSP00000361915	BMP8B	Bone morphogenetic protein 8B; Induces cartilage and bone formation. May be the osteoinductive factor responsible for the phenomenon of epithelial osteogenesis. Plays a role in calcium regulation and bone homeostasis (By similarity); Belongs to the TGF-beta family.
114	6902	9606.ENSP00000306362	TBCA	Tubulin-specific chaperone A; Tubulin-folding protein; involved in the early step of the tubulin folding pathway.
115	7095	9606.ENSP00000337688	SEC62	Translocation protein SEC62; Mediates post-translational transport of precursor polypeptides across endoplasmic reticulum (ER). Proposed to act as a targeting receptor for small presecretory proteins containing short and apolar signal peptides. Targets and properly positions newly synthesized presecretory proteins into the SEC61 channel-forming translocon complex, triggering channel opening for polypeptide translocation to the ER lumen.
116	7098	9606.ENSP00000296795	TLR3	Toll-like receptor 3; Key component of innate and adaptive immunity. TLRs (Toll- like receptors) control host immune response against pathogens through recognition of molecular patterns specific to microorganisms. TLR3 is a nucleotide-sensing TLR which is activated by double-stranded RNA, a sign of viral infection. Acts via the adapter TRIF/TICAM1, leading to NF-kappa-B activation, IRF3 nuclear translocation, cytokine secretion and the inflammatory response.
117	7386	9606.ENSP00000306397	UQCRFS1	Cytochrome b-c1 complex subunit Rieske, mitochondrial; [Cytochrome b-c1 complex subunit Rieske, mitochondrial]: Component of the ubiquinol-cytochrome c oxidoreductase, a multisubunit transmembrane complex that is part of the mitochondrial electron transport chain which drives oxidative phosphorylation. The respiratory chain contains 3 multisubunit complexes succinate dehydrogenase (complex II, CII), ubiquinol-cytochrome c oxidoreductase (cytochrome b- c1 complex, complex III, CIII) and cytochrome c oxidase (complex IV, CIV), that cooperate to transfer electrons derived from NADH and su [...] 
118	7673	9606.ENSP00000375822	ZNF222	Zinc finger protein 222; May be involved in transcriptional regulation.
119	7728	9606.ENSP00000262259	ZNF175	Zinc finger protein 175; Down-regulates the expression of several chemokine receptors. Interferes with HIV-1 replication by suppressing Tat-induced viral LTR promoter activity.
121	80777	9606.ENSP00000308430	CYB5B	Cytochrome b5 type B; Cytochrome b5 is a membrane-bound hemoprotein functioning as an electron carrier for several membrane-bound oxygenases.
122	81318	9606.ENSP00000367664	OR4A5	Olfactory receptor 4A5; Odorant receptor; Belongs to the G-protein coupled receptor 1 family.
123	81631	9606.ENSP00000498476	MAP1LC3B	Microtubule-associated proteins 1A/1B light chain 3B; Ubiquitin-like modifier involved in formation of autophagosomal vacuoles (autophagosomes). Plays a role in mitophagy which contributes to regulate mitochondrial quantity and quality by eliminating the mitochondria to a basal level to fulfill cellular energy requirements and preventing excess ROS production. Whereas LC3s are involved in elongation of the phagophore membrane, the GABARAP/GATE-16 subfamily is essential for a later stage in autophagosome maturation. Promotes primary ciliogenesis by removing OFD1 from centriolar satellit [...] 
124	81926	9606.ENSP00000250974	ABHD17A	Alpha/beta hydrolase domain-containing protein 17A; Hydrolyzes fatty acids from S-acylated cysteine residues in proteins. Has depalmitoylating activity towards NRAS. Has depalmitoylating activity towards DLG4/PSD95. May have depalmitoylating activity towards MAP6 (By similarity).
125	8346	9606.ENSP00000321744	H2BC4	Histone H2B type 1-C/E/F/G/I; Core component of nucleosome. Nucleosomes wrap and compact DNA into chromatin, limiting DNA accessibility to the cellular machineries which require DNA as a template. Histones thereby play a central role in transcription regulation, DNA repair, DNA replication and chromosomal stability. DNA accessibility is regulated via a complex set of post-translational modifications of histones, also called histone code, and nucleosome remodeling.
126	8348	9606.ENSP00000477527	H2BC17	Histone H2B type 1-O; Core component of nucleosome. Nucleosomes wrap and compact DNA into chromatin, limiting DNA accessibility to the cellular machineries which require DNA as a template. Histones thereby play a central role in transcription regulation, DNA repair, DNA replication and chromosomal stability. DNA accessibility is regulated via a complex set of post-translational modifications of histones, also called histone code, and nucleosome remodeling.
127	8399	9606.ENSP00000393847	PLA2G10	Group 10 secretory phospholipase A2; PA2 catalyzes the calcium-dependent hydrolysis of the 2-acyl groups in 3-sn-phosphoglycerides. Has a powerful potency for releasing arachidonic acid from cell membrane phospholipids. Prefers phosphatidylethanolamine and phosphatidylcholine liposomes to those of phosphatidylserine.
128	84436	9606.ENSP00000353652	ZNF528	Zinc finger protein 528; May be involved in transcriptional regulation.
129	84520	9606.ENSP00000306320	GON7	EKC/KEOPS complex subunit GON7; Component of the EKC/KEOPS complex that is required for the formation of a threonylcarbamoyl group on adenosine at position 37 (t(6)A37) in tRNAs that read codons beginning with adenine. The complex is probably involved in the transfer of the threonylcarbamoyl moiety of threonylcarbamoyl-AMP (TC-AMP) to the N6 group of A37. GON7 likely plays a supporting role to the catalytic subunit OSGEP in the complex.
130	84957	9606.ENSP00000064780	RELT	Tumor necrosis factor receptor superfamily member 19L; May play a role in apoptosis. Induces activation of MAPK14/p38 and MAPK8/JNK MAPK cascades, when overexpressed. Involved in dental enamel formation. Belongs to the RELT family.
132	85235	9606.ENSP00000366679	H2AC12	H2A clustered histone 12.
133	881	9606.ENSP00000334996	CCIN	Calicin; Possible morphogenetic cytoskeletal element in spermiogenic differentiation.
134	8843	9606.ENSP00000436714	HCAR3	Hydroxycarboxylic acid receptor 3; Receptor for 3-OH-octanoid acid mediates a negative feedback regulation of adipocyte lipolysis to counteract prolipolytic influences under conditions of physiological or pathological increases in beta- oxidation rates. Acts as a low affinity receptor for nicotinic acid. This pharmacological effect requires nicotinic acid doses that are much higher than those provided by a normal diet.
135	8846	9606.ENSP00000216489	ALKBH1	Nucleic acid dioxygenase ALKBH1; Dioxygenase that acts as on nucleic acids, such as DNA and tRNA. Requires molecular oxygen, alpha-ketoglutarate and iron. A number of activities have been described for this dioxygenase, but recent results suggest that it mainly acts as on tRNAs and mediates their demethylation or oxidation depending on the context and subcellular compartment. Mainly acts as a tRNA demethylase by removing N(1)-methyladenine from various tRNAs, with a preference for N(1)-methyladenine at position 58 (m1A58) present on a stem loop structure of tRNAs. Acts as a regulator o [...] 
136	89858	9606.ENSP00000291707	SIGLEC12	Sialic acid-binding Ig-like lectin 12; Putative adhesion molecule that mediates sialic-acid dependent binding to cells. The sialic acid recognition site may be masked by cis interactions with sialic acids on the same cell surface.
137	9015	9606.ENSP00000339976	TAF1A	TATA box-binding protein-associated factor RNA polymerase I subunit A; Component of the transcription factor SL1/TIF-IB complex, which is involved in the assembly of the PIC (pre-initiation complex) during RNA polymerase I-dependent transcription. The rate of PIC formation probably is primarily dependent on the rate of association of SL1/TIF-IB with the rDNA promoter. SL1/TIF-IB is involved in stabilization of nucleolar transcription factor 1/UBTF on rDNA. Formation of SL1/TIF-IB excludes the association of TBP with TFIID subunits.
138	90416	9606.ENSP00000452773	CCDC32	Coiled-coil domain containing 32.
139	9133	9606.ENSP00000288207	CCNB2	G2/mitotic-specific cyclin-B2; Essential for the control of the cell cycle at the G2/M (mitosis) transition; Belongs to the cyclin family. Cyclin AB subfamily.
140	9314	9606.ENSP00000363804	KLF4	Krueppel-like factor 4; Transcription factor; can act both as activator and as repressor. Binds the 5'-CACCC-3' core sequence. Binds to the promoter region of its own gene and can activate its own transcription. Regulates the expression of key transcription factors during embryonic development. Plays an important role in maintaining embryonic stem cells, and in preventing their differentiation. Required for establishing the barrier function of the skin and for postnatal maturation and maintenance of the ocular surface. Involved in the differentiation of epithelial cells and may also fu [...] 
141	94235	9606.ENSP00000300873	GNG8	Guanine nucleotide-binding protein G(I)/G(S)/G(O) subunit gamma-8; Guanine nucleotide-binding proteins (G proteins) are involved as a modulator or transducer in various transmembrane signaling systems. The beta and gamma chains are required for the GTPase activity, for replacement of GDP by GTP, and for G protein-effector interaction.
142	944	9606.ENSP00000223795	TNFSF8	Tumor necrosis factor ligand superfamily member 8; Cytokine that binds to TNFRSF8/CD30. Induces proliferation of T-cells.
143	9592	9606.ENSP00000465617	IER2	Immediate early response gene 2 protein; DNA-binding protein that seems to act as a transcription factor. Involved in the regulation of neuronal differentiation, acts upon JNK-signaling pathway activation and plays a role in neurite outgrowth in hippocampal cells (By similarity). May mediate with FIBP FGF-signaling in the establishment of laterality in the embryo (By similarity). Promotes cell motility, seems to stimulate tumor metastasis. ECO:0000250|UniProtKB:Q6P7D3, ; Belongs to the IER family.
144	9854	9606.ENSP00000338885	C2CD2L	Phospholipid transfer protein C2CD2L; Lipid-binding protein that transports phosphatidylinositol, the precursor of phosphatidylinositol 4,5-bisphosphate (PI(4,5)P2), from its site of synthesis in the endoplasmic reticulum to the cell membrane. It thereby maintains the pool of cell membrane phosphoinositides, which are degraded during phospholipase C (PLC) signaling. Plays a key role in the coordination of Ca(2+) and phosphoinositide signaling: localizes to sites of contact between the endoplasmic reticulum and the cell membrane, where it tethers the two bilayers. In response to elevati [...] 
